timestamp,symbol,price,volume,support,resistance,setup,entry,target,grade,score,trade_status
2026-08-26 19:26:03,JBLU,4.989999771118164,30172039.216666665,4.769999980926514,5.21999979019165,DAILY MACD BULLISH RECOVERY,5.230000019073486,5.300000190734863,A,7,waiting
2026-08-26 19:26:03,DNUT,3.440000057220459,2957063.35,3.4000000953674316,3.4600000381469727,DAILY MACD BULLISH RECOVERY,3.1700000762939453,3.3499999046325684,NO TRADE,8,Target Reached
2026-08-26 19:26:03,SOFI,18.84000015258789,73919775.91666667,17.93000030517578,18.860000610351562,DAILY MACD BULLISH RECOVERY,18.079999923706055,18.43000030517578,NO TRADE,8,Target Reached
2026-08-26 19:26:03,PLUG,2.1700000762939453,57336836.56666667,2.119999885559082,2.2100000381469727,DAILY MACD BULLISH RECOVERY,2.200000047683716,2.2100000381469727,NO TRADE,5,Target Reached
2026-08-26 19:26:03,SIRI,28.510000228881836,4827205.2,28.190000534057617,28.770000457763672,DAILY MACD BULLISH RECOVERY,28.820499420166016,29.40999984741211,A+,8,waiting
2026-08-26 19:26:03,OPEN,3.4100000858306885,58575400.86666667,3.380000114440918,3.75,DAILY MACD BULLISH RECOVERY,3.6600000858306885,3.75,NO TRADE,7,"Triggered, Target Not Reached"
2026-08-26 19:26:03,LCID,4.949999809265137,17405221.833333332,4.929999828338623,5.53000020980835,DAILY MACD BULLISH RECOVERY,5.400000095367432,5.53000020980835,A+,8,waiting
2026-08-26 19:26:03,NOK,10.40999984741211,95416027.51666667,9.829999923706055,10.5600004196167,DAILY MACD BULLISH RECOVERY,9.430000305175781,10.170000076293945,NO TRADE,8,Target Reached
2026-08-26 19:26:03,AMC,2.609999895095825,42305968.416666664,2.319999933242798,2.6700000762939453,,,,NO TRADE,1,No Entry
2026-08-26 19:26:03,F,13.899999618530273,50671752.43333333,13.850000381469727,14.180000305175781,DAILY MACD BULLISH RECOVERY,14.5,14.550000190734863,NO TRADE,5,"Triggered, Target Not Reached"
2026-08-26 19:28:33,JBLU,4.989999771118164,30172039.216666665,4.769999980926514,5.21999979019165,DAILY MACD BULLISH RECOVERY,5.230000019073486,5.300000190734863,A,7,waiting
2026-08-26 19:28:33,DNUT,3.440000057220459,2957063.35,3.4000000953674316,3.4600000381469727,DAILY MACD BULLISH RECOVERY,3.1700000762939453,3.3499999046325684,NO TRADE,8,Target Reached
2026-08-26 19:28:33,SOFI,18.84000015258789,73919775.91666667,17.93000030517578,18.860000610351562,DAILY MACD BULLISH RECOVERY,18.079999923706055,18.43000030517578,NO TRADE,8,Target Reached
2026-08-26 19:28:33,PLUG,2.1700000762939453,57336836.56666667,2.119999885559082,2.2100000381469727,DAILY MACD BULLISH RECOVERY,2.200000047683716,2.2100000381469727,NO TRADE,5,Target Reached
2026-08-26 19:28:33,SIRI,28.510000228881836,4827205.2,28.190000534057617,28.770000457763672,DAILY MACD BULLISH RECOVERY,28.820499420166016,29.40999984741211,A+,8,waiting
2026-08-26 19:28:33,OPEN,3.4100000858306885,58575400.86666667,3.380000114440918,3.75,DAILY MACD BULLISH RECOVERY,3.6600000858306885,3.75,NO TRADE,7,"Triggered, Target Not Reached"
2026-08-26 19:28:33,LCID,4.949999809265137,17405221.833333332,4.929999828338623,5.53000020980835,DAILY MACD BULLISH RECOVERY,5.400000095367432,5.53000020980835,A+,8,waiting
2026-08-26 19:28:33,NOK,10.40999984741211,95416027.51666667,9.829999923706055,10.5600004196167,DAILY MACD BULLISH RECOVERY,9.430000305175781,10.170000076293945,NO TRADE,8,Target Reached
2026-08-26 19:28:33,AMC,2.609999895095825,42305968.416666664,2.319999933242798,2.6700000762939453,,,,NO TRADE,1,No Entry
2026-08-26 19:28:33,F,13.899999618530273,50671752.43333333,13.850000381469727,14.180000305175781,DAILY MACD BULLISH RECOVERY,14.5,14.550000190734863,NO TRADE,5,"Triggered, Target Not Reached"
2026-08-26 19:36:04,JBLU,4.989999771118164,30172039.216666665,4.769999980926514,5.21999979019165,DAILY MACD BULLISH RECOVERY,5.230000019073486,5.300000190734863,A,7,waiting
2026-08-26 19:36:04,DNUT,3.440000057220459,2957063.35,3.4000000953674316,3.4600000381469727,DAILY MACD BULLISH RECOVERY,3.1700000762939453,3.3499999046325684,NO TRADE,8,Target Reached
2026-08-26 19:36:04,SOFI,18.84000015258789,73919775.91666667,17.93000030517578,18.860000610351562,DAILY MACD BULLISH RECOVERY,18.079999923706055,18.43000030517578,NO TRADE,8,Target Reached
2026-08-26 19:36:04,PLUG,2.1700000762939453,57336836.56666667,2.119999885559082,2.2100000381469727,DAILY MACD BULLISH RECOVERY,2.200000047683716,2.2100000381469727,NO TRADE,5,Target Reached
2026-08-26 19:36:04,SIRI,28.510000228881836,4827205.2,28.190000534057617,28.770000457763672,DAILY MACD BULLISH RECOVERY,28.820499420166016,29.40999984741211,A+,8,waiting
2026-08-26 19:36:04,OPEN,3.4100000858306885,58575400.86666667,3.380000114440918,3.75,DAILY MACD BULLISH RECOVERY,3.6600000858306885,3.75,NO TRADE,7,"Triggered, Target Not Reached"
2026-08-26 19:36:04,LCID,4.949999809265137,17405221.833333332,4.929999828338623,5.53000020980835,DAILY MACD BULLISH RECOVERY,5.400000095367432,5.53000020980835,A+,8,waiting
2026-08-26 19:36:04,NOK,10.40999984741211,95416027.51666667,9.829999923706055,10.5600004196167,DAILY MACD BULLISH RECOVERY,9.430000305175781,10.170000076293945,NO TRADE,8,Target Reached
2026-08-26 19:36:04,AMC,2.609999895095825,42305968.416666664,2.319999933242798,2.6700000762939453,,,,NO TRADE,1,No Entry
2026-08-26 19:36:04,F,13.899999618530273,50671752.43333333,13.850000381469727,14.180000305175781,DAILY MACD BULLISH RECOVERY,14.5,14.550000190734863,NO TRADE,5,"Triggered, Target Not Reached"
2026-08-26 20:52:48,JBLU,4.989999771118164,30172039.216666665,4.769999980926514,5.21999979019165,DAILY MACD BULLISH RECOVERY,5.230000019073486,5.300000190734863,A,7,waiting
2026-08-26 20:52:48,DNUT,3.440000057220459,2957063.35,3.4000000953674316,3.4600000381469727,DAILY MACD BULLISH RECOVERY,3.1700000762939453,3.3499999046325684,NO TRADE,8,Target Reached
2026-08-26 20:52:48,SOFI,18.84000015258789,73919775.91666667,17.93000030517578,18.860000610351562,DAILY MACD BULLISH RECOVERY,18.079999923706055,18.43000030517578,NO TRADE,8,Target Reached
2026-08-26 20:52:48,PLUG,2.1700000762939453,57336836.56666667,2.119999885559082,2.2100000381469727,DAILY MACD BULLISH RECOVERY,2.200000047683716,2.2100000381469727,NO TRADE,5,Target Reached
2026-08-26 20:52:48,SIRI,28.510000228881836,4827205.2,28.190000534057617,28.770000457763672,DAILY MACD BULLISH RECOVERY,28.820499420166016,29.40999984741211,A+,8,waiting
2026-08-26 20:52:48,OPEN,3.4100000858306885,58575400.86666667,3.380000114440918,3.75,DAILY MACD BULLISH RECOVERY,3.6600000858306885,3.75,NO TRADE,7,"Triggered, Target Not Reached"
2026-08-26 20:52:48,LCID,4.949999809265137,17405221.833333332,4.929999828338623,5.53000020980835,DAILY MACD BULLISH RECOVERY,5.400000095367432,5.53000020980835,A+,8,waiting
2026-08-26 20:52:48,NOK,10.40999984741211,95416027.51666667,9.829999923706055,10.5600004196167,DAILY MACD BULLISH RECOVERY,9.430000305175781,10.170000076293945,NO TRADE,8,Target Reached
2026-08-26 20:52:48,AMC,2.609999895095825,42305968.416666664,2.319999933242798,2.6700000762939453,,,,NO TRADE,1,No Entry
2026-08-26 20:52:48,F,13.899999618530273,50671752.43333333,13.850000381469727,14.180000305175781,DAILY MACD BULLISH RECOVERY,14.5,14.550000190734863,NO TRADE,5,"Triggered, Target Not Reached"
2026-08-26 20:56:40,JBLU,4.989999771118164,30172039.216666665,4.769999980926514,5.21999979019165,DAILY MACD BULLISH RECOVERY,5.230000019073486,5.300000190734863,A,7,waiting
2026-08-26 20:56:40,DNUT,3.440000057220459,2957063.35,3.4000000953674316,3.4600000381469727,DAILY MACD BULLISH RECOVERY,3.1700000762939453,3.3499999046325684,NO TRADE,8,Target Reached
2026-08-26 20:56:40,SOFI,18.84000015258789,73919775.91666667,17.93000030517578,18.860000610351562,DAILY MACD BULLISH RECOVERY,18.079999923706055,18.43000030517578,NO TRADE,8,Target Reached
2026-08-26 20:56:40,PLUG,2.1700000762939453,57336836.56666667,2.119999885559082,2.2100000381469727,DAILY MACD BULLISH RECOVERY,2.200000047683716,2.2100000381469727,NO TRADE,5,Target Reached
2026-08-26 20:56:40,SIRI,28.510000228881836,4827205.2,28.190000534057617,28.770000457763672,DAILY MACD BULLISH RECOVERY,28.820499420166016,29.40999984741211,A+,8,waiting
2026-08-26 20:56:40,OPEN,3.4100000858306885,58575400.86666667,3.380000114440918,3.75,DAILY MACD BULLISH RECOVERY,3.6600000858306885,3.75,NO TRADE,7,"Triggered, Target Not Reached"
2026-08-26 20:56:40,LCID,4.949999809265137,17405221.833333332,4.929999828338623,5.53000020980835,DAILY MACD BULLISH RECOVERY,5.400000095367432,5.53000020980835,A+,8,waiting
2026-08-26 20:56:40,NOK,10.40999984741211,95416027.51666667,9.829999923706055,10.5600004196167,DAILY MACD BULLISH RECOVERY,9.430000305175781,10.170000076293945,NO TRADE,8,Target Reached
2026-08-26 20:56:40,AMC,2.609999895095825,42305968.416666664,2.319999933242798,2.6700000762939453,,,,NO TRADE,1,No Entry
2026-08-26 20:56:40,F,13.899999618530273,50671752.43333333,13.850000381469727,14.180000305175781,DAILY MACD BULLISH RECOVERY,14.5,14.550000190734863,NO TRADE,5,"Triggered, Target Not Reached"
2026-08-26 21:03:13,JBLU,4.989999771118164,30172039.216666665,4.769999980926514,5.21999979019165,DAILY MACD BULLISH RECOVERY,5.230000019073486,5.300000190734863,A,7,waiting
2026-08-26 21:03:13,DNUT,3.440000057220459,2957063.35,3.4000000953674316,3.4600000381469727,DAILY MACD BULLISH RECOVERY,3.1700000762939453,3.3499999046325684,NO TRADE,8,Target Reached
2026-08-26 21:03:13,SOFI,18.84000015258789,73919775.91666667,17.93000030517578,18.860000610351562,DAILY MACD BULLISH RECOVERY,18.079999923706055,18.43000030517578,NO TRADE,8,Target Reached
2026-08-26 21:03:13,PLUG,2.1700000762939453,57336836.56666667,2.119999885559082,2.2100000381469727,DAILY MACD BULLISH RECOVERY,2.200000047683716,2.2100000381469727,NO TRADE,5,Target Reached
2026-08-26 21:03:13,SIRI,28.510000228881836,4827205.2,28.190000534057617,28.770000457763672,DAILY MACD BULLISH RECOVERY,28.820499420166016,29.40999984741211,A+,8,waiting
2026-08-26 21:03:13,OPEN,3.4100000858306885,58575400.86666667,3.380000114440918,3.75,DAILY MACD BULLISH RECOVERY,3.6600000858306885,3.75,NO TRADE,7,"Triggered, Target Not Reached"
2026-08-26 21:03:13,LCID,4.949999809265137,17405221.833333332,4.929999828338623,5.53000020980835,DAILY MACD BULLISH RECOVERY,5.400000095367432,5.53000020980835,A+,8,waiting
2026-08-26 21:03:13,NOK,10.40999984741211,95416027.51666667,9.829999923706055,10.5600004196167,DAILY MACD BULLISH RECOVERY,9.430000305175781,10.170000076293945,NO TRADE,8,Target Reached
2026-08-26 21:03:13,AMC,2.609999895095825,42305968.416666664,2.319999933242798,2.6700000762939453,,,,NO TRADE,1,No Entry
2026-08-26 21:03:13,F,13.899999618530273,50671752.43333333,13.850000381469727,14.180000305175781,DAILY MACD BULLISH RECOVERY,14.5,14.550000190734863,NO TRADE,5,"Triggered, Target Not Reached"
2026-08-26 21:24:47,JBLU,4.989999771118164,30172039.216666665,4.769999980926514,5.21999979019165,DAILY MACD BULLISH RECOVERY,5.230000019073486,5.300000190734863,A,7,waiting
2026-08-26 21:24:47,DNUT,3.440000057220459,2957063.35,3.4000000953674316,3.4600000381469727,DAILY MACD BULLISH RECOVERY,3.1700000762939453,3.3499999046325684,NO TRADE,8,Target Reached
2026-08-26 21:24:47,SOFI,18.84000015258789,73919775.91666667,17.93000030517578,18.860000610351562,DAILY MACD BULLISH RECOVERY,18.079999923706055,18.43000030517578,NO TRADE,8,Target Reached
2026-08-26 21:24:47,PLUG,2.1700000762939453,57336836.56666667,2.119999885559082,2.2100000381469727,DAILY MACD BULLISH RECOVERY,2.200000047683716,2.2100000381469727,NO TRADE,5,Target Reached
2026-08-26 21:24:47,SIRI,28.510000228881836,4827205.2,28.190000534057617,28.770000457763672,DAILY MACD BULLISH RECOVERY,28.820499420166016,29.40999984741211,A+,8,waiting
2026-08-26 21:24:47,OPEN,3.4100000858306885,58575400.86666667,3.380000114440918,3.75,DAILY MACD BULLISH RECOVERY,3.6600000858306885,3.75,NO TRADE,7,"Triggered, Target Not Reached"
2026-08-26 21:24:47,LCID,4.949999809265137,17405221.833333332,4.929999828338623,5.53000020980835,DAILY MACD BULLISH RECOVERY,5.400000095367432,5.53000020980835,A+,8,waiting
2026-08-26 21:24:47,NOK,10.40999984741211,95416027.51666667,9.829999923706055,10.5600004196167,DAILY MACD BULLISH RECOVERY,9.430000305175781,10.170000076293945,NO TRADE,8,Target Reached
2026-08-26 21:24:47,AMC,2.609999895095825,42305968.416666664,2.319999933242798,2.6700000762939453,,,,NO TRADE,1,No Entry
2026-08-26 21:24:47,F,13.899999618530273,50671752.43333333,13.850000381469727,14.180000305175781,DAILY MACD BULLISH RECOVERY,14.5,14.550000190734863,NO TRADE,5,"Triggered, Target Not Reached"
2026-08-26 21:27:15,JBLU,4.989999771118164,30172039.216666665,4.769999980926514,5.21999979019165,DAILY MACD BULLISH RECOVERY,5.230000019073486,5.300000190734863,A,7,waiting
2026-08-26 21:27:15,DNUT,3.440000057220459,2957063.35,3.4000000953674316,3.4600000381469727,DAILY MACD BULLISH RECOVERY,3.1700000762939453,3.3499999046325684,NO TRADE,8,Target Reached
2026-08-26 21:27:15,SOFI,18.84000015258789,73919775.91666667,17.93000030517578,18.860000610351562,DAILY MACD BULLISH RECOVERY,18.079999923706055,18.43000030517578,NO TRADE,8,Target Reached
2026-08-26 21:27:15,PLUG,2.1700000762939453,57336836.56666667,2.119999885559082,2.2100000381469727,DAILY MACD BULLISH RECOVERY,2.200000047683716,2.2100000381469727,NO TRADE,5,Target Reached
2026-08-26 21:27:15,SIRI,28.510000228881836,4827205.2,28.190000534057617,28.770000457763672,DAILY MACD BULLISH RECOVERY,28.820499420166016,29.40999984741211,A+,8,waiting
2026-08-26 21:27:15,OPEN,3.4100000858306885,58575400.86666667,3.380000114440918,3.75,DAILY MACD BULLISH RECOVERY,3.6600000858306885,3.75,NO TRADE,7,"Triggered, Target Not Reached"
2026-08-26 21:27:15,LCID,4.949999809265137,17405221.833333332,4.929999828338623,5.53000020980835,DAILY MACD BULLISH RECOVERY,5.400000095367432,5.53000020980835,A+,8,waiting
2026-08-26 21:27:15,NOK,10.40999984741211,95416027.51666667,9.829999923706055,10.5600004196167,DAILY MACD BULLISH RECOVERY,9.430000305175781,10.170000076293945,NO TRADE,8,Target Reached
2026-08-26 21:27:15,AMC,2.609999895095825,42305968.416666664,2.319999933242798,2.6700000762939453,,,,NO TRADE,1,No Entry
2026-08-26 21:27:15,F,13.899999618530273,50671752.43333333,13.850000381469727,14.180000305175781,DAILY MACD BULLISH RECOVERY,14.5,14.550000190734863,NO TRADE,5,"Triggered, Target Not Reached"
2026-08-26 21:55:01,JBLU,4.989999771118164,30172039.216666665,4.769999980926514,5.21999979019165,DAILY MACD BULLISH RECOVERY,5.230000019073486,5.300000190734863,A,7,waiting
2026-08-26 21:55:01,DNUT,3.440000057220459,2957063.35,3.4000000953674316,3.4600000381469727,DAILY MACD BULLISH RECOVERY,3.1700000762939453,3.3499999046325684,NO TRADE,8,Target Reached
2026-08-26 21:55:01,SOFI,18.84000015258789,73919775.91666667,17.93000030517578,18.860000610351562,DAILY MACD BULLISH RECOVERY,18.079999923706055,18.43000030517578,NO TRADE,8,Target Reached
2026-08-26 21:55:01,PLUG,2.1700000762939453,57336836.56666667,2.119999885559082,2.2100000381469727,DAILY MACD BULLISH RECOVERY,2.200000047683716,2.2100000381469727,NO TRADE,5,Target Reached
2026-08-26 21:55:01,SIRI,28.510000228881836,4827205.2,28.190000534057617,28.770000457763672,DAILY MACD BULLISH RECOVERY,28.820499420166016,29.40999984741211,A+,8,waiting
2026-08-26 21:55:01,OPEN,3.4100000858306885,58575400.86666667,3.380000114440918,3.75,DAILY MACD BULLISH RECOVERY,3.6600000858306885,3.75,NO TRADE,7,"Triggered, Target Not Reached"
2026-08-26 21:55:01,LCID,4.949999809265137,17405221.833333332,4.929999828338623,5.53000020980835,DAILY MACD BULLISH RECOVERY,5.400000095367432,5.53000020980835,A+,8,waiting
2026-08-26 21:55:01,NOK,10.40999984741211,95416027.51666667,9.829999923706055,10.5600004196167,DAILY MACD BULLISH RECOVERY,9.430000305175781,10.170000076293945,NO TRADE,8,Target Reached
2026-08-26 21:55:01,AMC,2.609999895095825,42305968.416666664,2.319999933242798,2.6700000762939453,,,,NO TRADE,1,No Entry
2026-08-26 21:55:01,F,13.899999618530273,50671752.43333333,13.850000381469727,14.180000305175781,DAILY MACD BULLISH RECOVERY,14.5,14.550000190734863,NO TRADE,5,"Triggered, Target Not Reached"
2026-08-26 22:04:19,JBLU,4.989999771118164,30172039.216666665,4.769999980926514,5.21999979019165,DAILY MACD BULLISH RECOVERY,5.230000019073486,5.300000190734863,A,7,waiting
2026-08-26 22:04:19,DNUT,3.440000057220459,2957063.35,3.4000000953674316,3.4600000381469727,DAILY MACD BULLISH RECOVERY,3.1700000762939453,3.3499999046325684,NO TRADE,8,Target Reached
2026-08-26 22:04:19,SOFI,18.84000015258789,73919775.91666667,17.93000030517578,18.860000610351562,DAILY MACD BULLISH RECOVERY,18.079999923706055,18.43000030517578,NO TRADE,8,Target Reached
2026-08-26 22:04:19,PLUG,2.1700000762939453,57336836.56666667,2.119999885559082,2.2100000381469727,DAILY MACD BULLISH RECOVERY,2.200000047683716,2.2100000381469727,NO TRADE,5,Target Reached
2026-08-26 22:04:19,SIRI,28.510000228881836,4827205.2,28.190000534057617,28.770000457763672,DAILY MACD BULLISH RECOVERY,28.820499420166016,29.40999984741211,A+,8,waiting
2026-08-26 22:04:19,OPEN,3.4100000858306885,58575400.86666667,3.380000114440918,3.75,DAILY MACD BULLISH RECOVERY,3.6600000858306885,3.75,NO TRADE,7,"Triggered, Target Not Reached"
2026-08-26 22:04:19,LCID,4.949999809265137,17405221.833333332,4.929999828338623,5.53000020980835,DAILY MACD BULLISH RECOVERY,5.400000095367432,5.53000020980835,A+,8,waiting
2026-08-26 22:04:19,NOK,10.40999984741211,95416027.51666667,9.829999923706055,10.5600004196167,DAILY MACD BULLISH RECOVERY,9.430000305175781,10.170000076293945,NO TRADE,8,Target Reached
2026-08-26 22:04:19,AMC,2.609999895095825,42305968.416666664,2.319999933242798,2.6700000762939453,,,,NO TRADE,1,No Entry
2026-08-26 22:04:19,F,13.899999618530273,50671752.43333333,13.850000381469727,14.180000305175781,DAILY MACD BULLISH RECOVERY,14.5,14.550000190734863,NO TRADE,5,"Triggered, Target Not Reached"
2026-08-26 22:08:31,JBLU,4.989999771118164,30172039.216666665,4.769999980926514,5.21999979019165,DAILY MACD BULLISH RECOVERY,5.230000019073486,5.300000190734863,A,7,waiting
2026-08-26 22:08:31,DNUT,3.440000057220459,2957063.35,3.4000000953674316,3.4600000381469727,DAILY MACD BULLISH RECOVERY,3.1700000762939453,3.3499999046325684,NO TRADE,8,Target Reached
2026-08-26 22:08:31,SOFI,18.84000015258789,73919775.91666667,17.93000030517578,18.860000610351562,DAILY MACD BULLISH RECOVERY,18.079999923706055,18.43000030517578,NO TRADE,8,Target Reached
2026-08-26 22:08:31,PLUG,2.1700000762939453,57336836.56666667,2.119999885559082,2.2100000381469727,DAILY MACD BULLISH RECOVERY,2.200000047683716,2.2100000381469727,NO TRADE,5,Target Reached
2026-08-26 22:08:31,SIRI,28.510000228881836,4827205.2,28.190000534057617,28.770000457763672,DAILY MACD BULLISH RECOVERY,28.820499420166016,29.40999984741211,A+,8,waiting
2026-08-26 22:08:31,OPEN,3.4100000858306885,58575400.86666667,3.380000114440918,3.75,DAILY MACD BULLISH RECOVERY,3.6600000858306885,3.75,NO TRADE,7,"Triggered, Target Not Reached"
2026-08-26 22:08:31,LCID,4.949999809265137,17405221.833333332,4.929999828338623,5.53000020980835,DAILY MACD BULLISH RECOVERY,5.400000095367432,5.53000020980835,A+,8,waiting
2026-08-26 22:08:31,NOK,10.40999984741211,95416027.51666667,9.829999923706055,10.5600004196167,DAILY MACD BULLISH RECOVERY,9.430000305175781,10.170000076293945,NO TRADE,8,Target Reached
2026-08-26 22:08:31,AMC,2.609999895095825,42305968.416666664,2.319999933242798,2.6700000762939453,,,,NO TRADE,1,No Entry
2026-08-26 22:08:31,F,13.899999618530273,50671752.43333333,13.850000381469727,14.180000305175781,DAILY MACD BULLISH RECOVERY,14.5,14.550000190734863,NO TRADE,5,"Triggered, Target Not Reached"
2026-08-26 22:23:38,JBLU,4.989999771118164,30172039.216666665,4.769999980926514,5.21999979019165,DAILY MACD BULLISH RECOVERY,5.230000019073486,5.300000190734863,A,7,waiting
2026-08-26 22:23:38,DNUT,3.440000057220459,2957063.35,3.4000000953674316,3.4600000381469727,DAILY MACD BULLISH RECOVERY,3.1700000762939453,3.3499999046325684,NO TRADE,8,Target Reached
2026-08-26 22:23:38,SOFI,18.84000015258789,73919775.91666667,17.93000030517578,18.860000610351562,DAILY MACD BULLISH RECOVERY,18.079999923706055,18.43000030517578,NO TRADE,8,Target Reached
2026-08-26 22:23:38,PLUG,2.1700000762939453,57336836.56666667,2.119999885559082,2.2100000381469727,DAILY MACD BULLISH RECOVERY,2.200000047683716,2.2100000381469727,NO TRADE,5,Target Reached
2026-08-26 22:23:38,SIRI,28.510000228881836,4827205.2,28.190000534057617,28.770000457763672,DAILY MACD BULLISH RECOVERY,28.820499420166016,29.40999984741211,A+,8,waiting
2026-08-26 22:23:38,OPEN,3.4100000858306885,58575400.86666667,3.380000114440918,3.75,DAILY MACD BULLISH RECOVERY,3.6600000858306885,3.75,NO TRADE,7,"Triggered, Target Not Reached"
2026-08-26 22:23:38,LCID,4.949999809265137,17405221.833333332,4.929999828338623,5.53000020980835,DAILY MACD BULLISH RECOVERY,5.400000095367432,5.53000020980835,A+,8,waiting
2026-08-26 22:23:38,NOK,10.40999984741211,95416027.51666667,9.829999923706055,10.5600004196167,DAILY MACD BULLISH RECOVERY,9.430000305175781,10.170000076293945,NO TRADE,8,Target Reached
2026-08-26 22:23:38,AMC,2.609999895095825,42305968.416666664,2.319999933242798,2.6700000762939453,,,,NO TRADE,1,No Entry
2026-08-26 22:23:38,F,13.899999618530273,50671752.43333333,13.850000381469727,14.180000305175781,DAILY MACD BULLISH RECOVERY,14.5,14.550000190734863,NO TRADE,5,"Triggered, Target Not Reached"
2026-08-26 22:27:03,JBLU,4.989999771118164,30172039.216666665,4.769999980926514,5.21999979019165,DAILY MACD BULLISH RECOVERY,5.230000019073486,5.300000190734863,A,7,waiting
2026-08-26 22:27:03,DNUT,3.440000057220459,2957063.35,3.4000000953674316,3.4600000381469727,DAILY MACD BULLISH RECOVERY,3.1700000762939453,3.3499999046325684,NO TRADE,8,Target Reached
2026-08-26 22:27:03,SOFI,18.84000015258789,73919775.91666667,17.93000030517578,18.860000610351562,DAILY MACD BULLISH RECOVERY,18.079999923706055,18.43000030517578,NO TRADE,8,Target Reached
2026-08-26 22:27:03,PLUG,2.1700000762939453,57336836.56666667,2.119999885559082,2.2100000381469727,DAILY MACD BULLISH RECOVERY,2.200000047683716,2.2100000381469727,NO TRADE,5,Target Reached
2026-08-26 22:27:03,SIRI,28.510000228881836,4827205.2,28.190000534057617,28.770000457763672,DAILY MACD BULLISH RECOVERY,28.820499420166016,29.40999984741211,A+,8,waiting
2026-08-26 22:27:03,OPEN,3.4100000858306885,58575400.86666667,3.380000114440918,3.75,DAILY MACD BULLISH RECOVERY,3.6600000858306885,3.75,NO TRADE,7,"Triggered, Target Not Reached"
2026-08-26 22:27:03,LCID,4.949999809265137,17405221.833333332,4.929999828338623,5.53000020980835,DAILY MACD BULLISH RECOVERY,5.400000095367432,5.53000020980835,A+,8,waiting
2026-08-26 22:27:03,NOK,10.40999984741211,95416027.51666667,9.829999923706055,10.5600004196167,DAILY MACD BULLISH RECOVERY,9.430000305175781,10.170000076293945,NO TRADE,8,Target Reached
2026-08-26 22:27:03,AMC,2.609999895095825,42305968.416666664,2.319999933242798,2.6700000762939453,,,,NO TRADE,1,No Entry
2026-08-26 22:27:03,F,13.899999618530273,50671752.43333333,13.850000381469727,14.180000305175781,DAILY MACD BULLISH RECOVERY,14.5,14.550000190734863,NO TRADE,5,"Triggered, Target Not Reached"
2026-08-26 22:33:00,JBLU,4.989999771118164,30172039.216666665,4.769999980926514,5.21999979019165,DAILY MACD BULLISH RECOVERY,5.230000019073486,5.300000190734863,A,7,waiting
2026-08-26 22:33:00,DNUT,3.440000057220459,2957063.35,3.4000000953674316,3.4600000381469727,DAILY MACD BULLISH RECOVERY,3.1700000762939453,3.3499999046325684,NO TRADE,8,Target Reached
2026-08-26 22:33:00,SOFI,18.84000015258789,73919775.91666667,17.93000030517578,18.860000610351562,DAILY MACD BULLISH RECOVERY,18.079999923706055,18.43000030517578,NO TRADE,8,Target Reached
2026-08-26 22:33:00,PLUG,2.1700000762939453,57336836.56666667,2.119999885559082,2.2100000381469727,DAILY MACD BULLISH RECOVERY,2.200000047683716,2.2100000381469727,NO TRADE,5,Target Reached
2026-08-26 22:33:00,SIRI,28.510000228881836,4827205.2,28.190000534057617,28.770000457763672,DAILY MACD BULLISH RECOVERY,28.820499420166016,29.40999984741211,A+,8,waiting
2026-08-26 22:33:00,OPEN,3.4100000858306885,58575400.86666667,3.380000114440918,3.75,DAILY MACD BULLISH RECOVERY,3.6600000858306885,3.75,NO TRADE,7,"Triggered, Target Not Reached"
2026-08-26 22:33:00,LCID,4.949999809265137,17405221.833333332,4.929999828338623,5.53000020980835,DAILY MACD BULLISH RECOVERY,5.400000095367432,5.53000020980835,A+,8,waiting
2026-08-26 22:33:00,NOK,10.40999984741211,95416027.51666667,9.829999923706055,10.5600004196167,DAILY MACD BULLISH RECOVERY,9.430000305175781,10.170000076293945,NO TRADE,8,Target Reached
2026-08-26 22:33:00,AMC,2.609999895095825,42305968.416666664,2.319999933242798,2.6700000762939453,,,,NO TRADE,1,No Entry
2026-08-26 22:33:00,F,13.899999618530273,50671752.43333333,13.850000381469727,14.180000305175781,DAILY MACD BULLISH RECOVERY,14.5,14.550000190734863,NO TRADE,5,"Triggered, Target Not Reached"
2026-08-26 22:34:15,JBLU,4.989999771118164,30172039.216666665,4.769999980926514,5.21999979019165,DAILY MACD BULLISH RECOVERY,5.230000019073486,5.300000190734863,A,7,waiting
2026-08-26 22:34:15,DNUT,3.440000057220459,2957063.35,3.4000000953674316,3.4600000381469727,DAILY MACD BULLISH RECOVERY,3.1700000762939453,3.3499999046325684,NO TRADE,8,Target Reached
2026-08-26 22:34:15,SOFI,18.84000015258789,73919775.91666667,17.93000030517578,18.860000610351562,DAILY MACD BULLISH RECOVERY,18.079999923706055,18.43000030517578,NO TRADE,8,Target Reached
2026-08-26 22:34:15,PLUG,2.1700000762939453,57336836.56666667,2.119999885559082,2.2100000381469727,DAILY MACD BULLISH RECOVERY,2.200000047683716,2.2100000381469727,NO TRADE,5,Target Reached
2026-08-26 22:34:15,SIRI,28.510000228881836,4827205.2,28.190000534057617,28.770000457763672,DAILY MACD BULLISH RECOVERY,28.820499420166016,29.40999984741211,A+,8,waiting
2026-08-26 22:34:15,OPEN,3.4100000858306885,58575400.86666667,3.380000114440918,3.75,DAILY MACD BULLISH RECOVERY,3.6600000858306885,3.75,NO TRADE,7,"Triggered, Target Not Reached"
2026-08-26 22:34:15,LCID,4.949999809265137,17405221.833333332,4.929999828338623,5.53000020980835,DAILY MACD BULLISH RECOVERY,5.400000095367432,5.53000020980835,A+,8,waiting
2026-08-26 22:34:15,NOK,10.40999984741211,95416027.51666667,9.829999923706055,10.5600004196167,DAILY MACD BULLISH RECOVERY,9.430000305175781,10.170000076293945,NO TRADE,8,Target Reached
2026-08-26 22:34:15,AMC,2.609999895095825,42305968.416666664,2.319999933242798,2.6700000762939453,,,,NO TRADE,1,No Entry
2026-08-26 22:34:15,F,13.899999618530273,50671752.43333333,13.850000381469727,14.180000305175781,DAILY MACD BULLISH RECOVERY,14.5,14.550000190734863,NO TRADE,5,"Triggered, Target Not Reached"
2026-08-26 22:37:04,JBLU,4.989999771118164,30172039.216666665,4.769999980926514,5.21999979019165,DAILY MACD BULLISH RECOVERY,5.230000019073486,5.300000190734863,A,7,waiting
2026-08-26 22:37:04,DNUT,3.440000057220459,2957063.35,3.4000000953674316,3.4600000381469727,DAILY MACD BULLISH RECOVERY,3.1700000762939453,3.3499999046325684,NO TRADE,8,Target Reached
2026-08-26 22:37:04,SOFI,18.84000015258789,73919775.91666667,17.93000030517578,18.860000610351562,DAILY MACD BULLISH RECOVERY,18.079999923706055,18.43000030517578,NO TRADE,8,Target Reached
2026-08-26 22:37:04,PLUG,2.1700000762939453,57336836.56666667,2.119999885559082,2.2100000381469727,DAILY MACD BULLISH RECOVERY,2.200000047683716,2.2100000381469727,NO TRADE,5,Target Reached
2026-08-26 22:37:04,SIRI,28.510000228881836,4827205.2,28.190000534057617,28.770000457763672,DAILY MACD BULLISH RECOVERY,28.820499420166016,29.40999984741211,A+,8,waiting
2026-08-26 22:37:04,OPEN,3.4100000858306885,58575400.86666667,3.380000114440918,3.75,DAILY MACD BULLISH RECOVERY,3.6600000858306885,3.75,NO TRADE,7,"Triggered, Target Not Reached"
2026-08-26 22:37:04,LCID,4.949999809265137,17405221.833333332,4.929999828338623,5.53000020980835,DAILY MACD BULLISH RECOVERY,5.400000095367432,5.53000020980835,A+,8,waiting
2026-08-26 22:37:04,NOK,10.40999984741211,95416027.51666667,9.829999923706055,10.5600004196167,DAILY MACD BULLISH RECOVERY,9.430000305175781,10.170000076293945,NO TRADE,8,Target Reached
2026-08-26 22:37:04,AMC,2.609999895095825,42305968.416666664,2.319999933242798,2.6700000762939453,,,,NO TRADE,1,No Entry
2026-08-26 22:37:04,F,13.899999618530273,50671752.43333333,13.850000381469727,14.180000305175781,DAILY MACD BULLISH RECOVERY,14.5,14.550000190734863,NO TRADE,5,"Triggered, Target Not Reached"
2026-08-27 09:05:06,JBLU,4.989999771118164,30172593.333333332,4.769999980926514,5.21999979019165,DAILY MACD BULLISH RECOVERY,5.230000019073486,5.300000190734863,A,7,waiting
2026-08-27 09:05:06,DNUT,3.440000057220459,2957065.0,3.4000000953674316,3.4600000381469727,DAILY MACD BULLISH RECOVERY,3.1700000762939453,3.3499999046325684,NO TRADE,8,Target Reached
2026-08-27 09:05:06,SOFI,18.84000015258789,73924473.33333333,17.93000030517578,18.860000610351562,DAILY MACD BULLISH RECOVERY,18.079999923706055,18.43000030517578,NO TRADE,8,Target Reached
2026-08-27 09:05:06,PLUG,2.1700000762939453,57348393.333333336,2.119999885559082,2.2100000381469727,DAILY MACD BULLISH RECOVERY,2.200000047683716,2.2100000381469727,NO TRADE,5,Target Reached
2026-08-27 09:05:06,SIRI,28.510000228881836,4827223.333333333,28.190000534057617,28.770000457763672,DAILY MACD BULLISH RECOVERY,28.81999969482422,29.40999984741211,A+,8,waiting
2026-08-27 09:05:06,OPEN,3.4100000858306885,58580756.666666664,3.380000114440918,3.75,DAILY MACD BULLISH RECOVERY,3.6600000858306885,3.75,NO TRADE,7,"Triggered, Target Not Reached"
2026-08-27 09:05:06,LCID,4.949999809265137,17406515.0,4.929999828338623,5.53000020980835,DAILY MACD BULLISH RECOVERY,5.400000095367432,5.53000020980835,A+,8,waiting
2026-08-27 09:05:06,NOK,10.40999984741211,95422523.33333333,9.829999923706055,10.5600004196167,DAILY MACD BULLISH RECOVERY,9.430000305175781,10.170000076293945,NO TRADE,8,Target Reached
2026-08-27 09:05:06,AMC,2.609999895095825,42307138.333333336,2.319999933242798,2.6700000762939453,,,,NO TRADE,1,No Entry
2026-08-27 09:05:06,F,13.899999618530273,50672466.666666664,13.850000381469727,14.180000305175781,DAILY MACD BULLISH RECOVERY,14.5,14.550000190734863,NO TRADE,5,"Triggered, Target Not Reached"
2026-08-27 09:07:14,JBLU,4.989999771118164,30172593.333333332,4.769999980926514,5.21999979019165,DAILY MACD BULLISH RECOVERY,5.230000019073486,5.300000190734863,A,7,waiting
2026-08-27 09:07:14,DNUT,3.440000057220459,2957065.0,3.4000000953674316,3.4600000381469727,DAILY MACD BULLISH RECOVERY,3.1700000762939453,3.3499999046325684,NO TRADE,8,Target Reached
2026-08-27 09:07:14,SOFI,18.84000015258789,73924473.33333333,17.93000030517578,18.860000610351562,DAILY MACD BULLISH RECOVERY,18.079999923706055,18.43000030517578,NO TRADE,8,Target Reached
2026-08-27 09:07:14,PLUG,2.1700000762939453,57348393.333333336,2.119999885559082,2.2100000381469727,DAILY MACD BULLISH RECOVERY,2.200000047683716,2.2100000381469727,NO TRADE,5,Target Reached
2026-08-27 09:07:14,SIRI,28.510000228881836,4827223.333333333,28.190000534057617,28.770000457763672,DAILY MACD BULLISH RECOVERY,28.81999969482422,29.40999984741211,A+,8,waiting
2026-08-27 09:07:14,OPEN,3.4100000858306885,58580756.666666664,3.380000114440918,3.75,DAILY MACD BULLISH RECOVERY,3.6600000858306885,3.75,NO TRADE,7,"Triggered, Target Not Reached"
2026-08-27 09:07:14,LCID,4.949999809265137,17406515.0,4.929999828338623,5.53000020980835,DAILY MACD BULLISH RECOVERY,5.400000095367432,5.53000020980835,A+,8,waiting
2026-08-27 09:07:14,NOK,10.40999984741211,95422523.33333333,9.829999923706055,10.5600004196167,DAILY MACD BULLISH RECOVERY,9.430000305175781,10.170000076293945,NO TRADE,8,Target Reached
2026-08-27 09:07:14,AMC,2.609999895095825,42307138.333333336,2.319999933242798,2.6700000762939453,,,,NO TRADE,1,No Entry
2026-08-27 09:07:14,F,13.899999618530273,50672466.666666664,13.850000381469727,14.180000305175781,DAILY MACD BULLISH RECOVERY,14.5,14.550000190734863,NO TRADE,5,"Triggered, Target Not Reached"
2026-08-27 09:19:41,JBLU,4.989999771118164,30172593.333333332,4.769999980926514,5.21999979019165,DAILY MACD BULLISH RECOVERY,5.230000019073486,5.300000190734863,A,7,waiting
2026-08-27 09:19:41,DNUT,3.440000057220459,2957065.0,3.4000000953674316,3.4600000381469727,DAILY MACD BULLISH RECOVERY,3.1700000762939453,3.3499999046325684,NO TRADE,8,Target Reached
2026-08-27 09:19:41,SOFI,18.84000015258789,73924473.33333333,17.93000030517578,18.860000610351562,DAILY MACD BULLISH RECOVERY,18.079999923706055,18.43000030517578,NO TRADE,8,Target Reached
2026-08-27 09:19:41,PLUG,2.1700000762939453,57348393.333333336,2.119999885559082,2.2100000381469727,DAILY MACD BULLISH RECOVERY,2.200000047683716,2.2100000381469727,NO TRADE,5,Target Reached
2026-08-27 09:19:41,SIRI,28.510000228881836,4827223.333333333,28.190000534057617,28.770000457763672,DAILY MACD BULLISH RECOVERY,28.81999969482422,29.40999984741211,A+,8,waiting
2026-08-27 09:19:41,OPEN,3.4100000858306885,58580756.666666664,3.380000114440918,3.75,DAILY MACD BULLISH RECOVERY,3.6600000858306885,3.75,NO TRADE,7,"Triggered, Target Not Reached"
2026-08-27 09:19:41,LCID,4.949999809265137,17406515.0,4.929999828338623,5.53000020980835,DAILY MACD BULLISH RECOVERY,5.400000095367432,5.53000020980835,A+,8,waiting
2026-08-27 09:19:41,NOK,10.40999984741211,95422523.33333333,9.829999923706055,10.5600004196167,DAILY MACD BULLISH RECOVERY,9.430000305175781,10.170000076293945,NO TRADE,8,Target Reached
2026-08-27 09:19:41,AMC,2.609999895095825,42307138.333333336,2.319999933242798,2.6700000762939453,,,,NO TRADE,1,No Entry
2026-08-27 09:19:41,F,13.899999618530273,50672466.666666664,13.850000381469727,14.180000305175781,DAILY MACD BULLISH RECOVERY,14.5,14.550000190734863,NO TRADE,5,"Triggered, Target Not Reached"
2026-08-27 09:34:03,JBLU,4.982399940490723,29784641.916666668,4.769999980926514,5.300000190734863,DAILY MACD BULLISH RECOVERY,5.0,5.300000190734863,A+,9,waiting
2026-08-27 09:34:03,DNUT,3.3608999252319336,2927084.4,3.2799999713897705,3.4600000381469727,DAILY MACD BULLISH RECOVERY,3.1700000762939453,3.3499999046325684,NO TRADE,8,Target Reached
2026-08-27 09:34:03,SOFI,18.7450008392334,72676800.1,17.93000030517578,18.795000076293945,DAILY MACD BULLISH RECOVERY,18.079999923706055,18.43000030517578,NO TRADE,8,Target Reached
2026-08-27 09:34:03,PLUG,2.2200000286102295,56042731.85,2.119999885559082,2.3399999141693115,DAILY MACD BULLISH RECOVERY,2.200000047683716,2.2100000381469727,NO TRADE,5,Target Reached
2026-08-27 09:34:03,SIRI,28.420000076293945,4760497.35,28.31999969482422,28.770000457763672,DAILY MACD BULLISH RECOVERY,28.42099952697754,28.770000457763672,A+,9,waiting
2026-08-27 09:34:03,OPEN,3.4100000858306885,57654094.31666667,3.380000114440918,3.609999895095825,DAILY MACD BULLISH RECOVERY,3.6600000858306885,3.75,NO TRADE,6,"Triggered, Target Not Reached"
2026-08-27 09:34:03,LCID,4.940000057220459,17203420.4,4.929999828338623,5.53000020980835,DAILY MACD BULLISH RECOVERY,5.019999980926514,5.53000020980835,A+,9,waiting
2026-08-27 09:34:03,NOK,10.625,93223461.46666667,9.829999923706055,10.6899995803833,DAILY MACD BULLISH RECOVERY,9.430000305175781,10.170000076293945,NO TRADE,8,Target Reached
2026-08-27 09:34:03,AMC,2.619999885559082,41534105.6,2.319999933242798,2.6700000762939453,,,,NO TRADE,1,No Entry
2026-08-27 09:34:03,F,13.949999809265137,49472707.666666664,13.850000381469727,14.180000305175781,DAILY MACD BULLISH RECOVERY,14.5,14.550000190734863,NO TRADE,5,"Triggered, Target Not Reached"
2026-08-27 09:38:21,JBLU,4.940000057220459,29791821.35,4.769999980926514,5.300000190734863,DAILY MACD BULLISH RECOVERY,5.0,5.300000190734863,A+,9,waiting
2026-08-27 09:38:21,DNUT,3.375,2927506.816666667,3.2799999713897705,3.4600000381469727,DAILY MACD BULLISH RECOVERY,3.1700000762939453,3.3499999046325684,NO TRADE,8,Target Reached
2026-08-27 09:38:21,SOFI,18.975000381469727,72688353.25,17.93000030517578,19.170000076293945,DAILY MACD BULLISH RECOVERY,18.079999923706055,18.43000030517578,NO TRADE,8,Target Reached
2026-08-27 09:38:21,PLUG,2.240000009536743,56058701.833333336,2.119999885559082,2.3399999141693115,DAILY MACD BULLISH RECOVERY,2.200000047683716,2.2100000381469727,NO TRADE,5,Target Reached
2026-08-27 09:38:21,SIRI,28.479999542236328,4760953.45,28.31999969482422,28.770000457763672,DAILY MACD BULLISH RECOVERY,28.520000457763672,28.770000457763672,NO TRADE,7,waiting
2026-08-27 09:38:21,OPEN,3.444999933242798,57661343.483333334,3.380000114440918,3.609999895095825,DAILY MACD BULLISH RECOVERY,3.6600000858306885,3.75,NO TRADE,6,"Triggered, Target Not Reached"
2026-08-27 09:38:21,LCID,4.945000171661377,17204630.25,4.929999828338623,5.53000020980835,DAILY MACD BULLISH RECOVERY,5.019999980926514,5.53000020980835,A+,9,waiting
2026-08-27 09:38:21,NOK,10.614999771118164,93233765.76666667,9.829999923706055,10.6899995803833,DAILY MACD BULLISH RECOVERY,9.430000305175781,10.170000076293945,NO TRADE,8,Target Reached
2026-08-27 09:38:21,AMC,2.619999885559082,41538783.36666667,2.319999933242798,2.6700000762939453,,,,NO TRADE,1,No Entry
2026-08-27 09:38:21,F,13.977899551391602,49483262.4,13.850000381469727,14.180000305175781,DAILY MACD BULLISH RECOVERY,14.0,14.180000305175781,A+,9,waiting
2026-08-27 10:50:59,JBLU,5.010000228881836,29874829.083333332,4.769999980926514,5.300000190734863,DAILY MACD BULLISH RECOVERY,5.019999980926514,5.300000190734863,A+,9,waiting
2026-08-27 10:50:59,DNUT,3.4600000381469727,2935131.1666666665,3.4000000953674316,3.4800000190734863,DAILY MACD BULLISH RECOVERY,3.1700000762939453,3.3499999046325684,NO TRADE,8,Target Reached
2026-08-27 10:50:59,SOFI,19.239900588989258,72889136.25,17.93000030517578,19.739999771118164,DAILY MACD BULLISH RECOVERY,18.079999923706055,18.43000030517578,NO TRADE,8,Target Reached
2026-08-27 10:50:59,PLUG,2.259999990463257,56311381.0,2.119999885559082,2.3399999141693115,DAILY MACD BULLISH RECOVERY,2.200000047683716,2.2100000381469727,NO TRADE,5,Target Reached
2026-08-27 10:50:59,SIRI,28.709999084472656,4765924.45,28.31999969482422,28.770000457763672,DAILY MACD BULLISH RECOVERY,28.709999084472656,28.770000457763672,NO TRADE,7,waiting
2026-08-27 10:50:59,OPEN,3.4000000953674316,57724462.666666664,3.380000114440918,3.609999895095825,DAILY MACD BULLISH RECOVERY,3.6600000858306885,3.75,NO TRADE,6,"Triggered, Target Not Reached"
2026-08-27 10:50:59,LCID,5.0295000076293945,17239218.9,4.929999828338623,5.53000020980835,DAILY MACD BULLISH RECOVERY,5.050000190734863,5.53000020980835,A+,9,waiting
2026-08-27 10:50:59,NOK,10.415300369262695,93474717.35,9.829999923706055,10.5600004196167,DAILY MACD BULLISH RECOVERY,9.430000305175781,10.170000076293945,NO TRADE,8,Target Reached
2026-08-27 10:50:59,AMC,2.680000066757202,41625358.45,2.319999933242798,2.9600000381469727,,,,NO TRADE,1,No Entry
2026-08-27 10:50:59,F,14.03499984741211,49626878.7,14.020000457763672,14.180000305175781,DAILY MACD BULLISH RECOVERY,14.100000381469727,14.180000305175781,NO TRADE,7,waiting
2026-08-27 10:59:25,JBLU,5.0100998878479,29880315.3,4.769999980926514,5.300000190734863,DAILY MACD BULLISH RECOVERY,5.019999980926514,5.300000190734863,A+,9,waiting
2026-08-27 10:59:25,DNUT,3.450000047683716,2936274.9,3.4000000953674316,3.4600000381469727,DAILY MACD BULLISH RECOVERY,3.1700000762939453,3.3499999046325684,NO TRADE,8,Target Reached
2026-08-27 10:59:25,SOFI,19.385400772094727,72904284.76666667,17.93000030517578,19.739999771118164,DAILY MACD BULLISH RECOVERY,18.079999923706055,18.43000030517578,NO TRADE,8,Target Reached
2026-08-27 10:59:25,PLUG,2.265000104904175,56326416.6,2.119999885559082,2.3399999141693115,DAILY MACD BULLISH RECOVERY,2.200000047683716,2.2100000381469727,NO TRADE,5,Target Reached
2026-08-27 10:59:25,SIRI,28.68000030517578,4766219.083333333,28.31999969482422,28.770000457763672,DAILY MACD BULLISH RECOVERY,28.729999542236328,28.770000457763672,NO TRADE,7,waiting
2026-08-27 10:59:25,OPEN,3.4000000953674316,57733131.61666667,3.380000114440918,3.609999895095825,DAILY MACD BULLISH RECOVERY,3.6600000858306885,3.75,NO TRADE,6,"Triggered, Target Not Reached"
2026-08-27 10:59:25,LCID,5.034999847412109,17240691.85,4.929999828338623,5.53000020980835,DAILY MACD BULLISH RECOVERY,5.050000190734863,5.53000020980835,A+,9,waiting
2026-08-27 10:59:25,NOK,10.395000457763672,93493561.3,9.829999923706055,10.5600004196167,DAILY MACD BULLISH RECOVERY,9.430000305175781,10.170000076293945,NO TRADE,8,Target Reached
2026-08-27 10:59:25,AMC,2.6700000762939453,41633028.31666667,2.319999933242798,2.9600000381469727,,,,NO TRADE,1,No Entry
2026-08-27 10:59:25,F,14.015000343322754,49636937.45,13.850000381469727,14.180000305175781,DAILY MACD BULLISH RECOVERY,14.100000381469727,14.180000305175781,NO TRADE,7,waiting
2026-08-27 11:04:45,JBLU,5.0071001052856445,29885668.333333332,4.769999980926514,5.300000190734863,DAILY MACD BULLISH RECOVERY,5.019999980926514,5.300000190734863,A+,9,waiting
2026-08-27 11:04:45,DNUT,3.4549999237060547,2937084.05,3.4000000953674316,3.4600000381469727,DAILY MACD BULLISH RECOVERY,3.1700000762939453,3.3499999046325684,NO TRADE,8,Target Reached
2026-08-27 11:04:45,SOFI,19.345199584960938,72912125.41666667,17.93000030517578,19.739999771118164,DAILY MACD BULLISH RECOVERY,18.079999923706055,18.43000030517578,NO TRADE,8,Target Reached
2026-08-27 11:04:45,PLUG,2.2600998878479004,56332005.28333333,2.119999885559082,2.3399999141693115,DAILY MACD BULLISH RECOVERY,2.200000047683716,2.2100000381469727,NO TRADE,5,Target Reached
2026-08-27 11:04:45,SIRI,28.684999465942383,4766583.233333333,28.31999969482422,28.770000457763672,DAILY MACD BULLISH RECOVERY,28.729999542236328,28.770000457763672,NO TRADE,7,waiting
2026-08-27 11:04:45,OPEN,3.4000000953674316,57737819.3,3.380000114440918,3.609999895095825,DAILY MACD BULLISH RECOVERY,3.6600000858306885,3.75,NO TRADE,6,"Triggered, Target Not Reached"
2026-08-27 11:04:45,LCID,5.03000020980835,17242548.683333334,4.929999828338623,5.53000020980835,DAILY MACD BULLISH RECOVERY,5.050000190734863,5.53000020980835,A+,9,waiting
2026-08-27 11:04:45,NOK,10.414999961853027,93520558.8,9.829999923706055,10.5600004196167,DAILY MACD BULLISH RECOVERY,9.430000305175781,10.170000076293945,NO TRADE,8,Target Reached
2026-08-27 11:04:45,AMC,2.6700000762939453,41638723.766666666,2.319999933242798,2.9600000381469727,,,,NO TRADE,1,No Entry
2026-08-27 11:04:45,F,14.024999618530273,49644377.833333336,14.020000457763672,14.180000305175781,DAILY MACD BULLISH RECOVERY,14.100000381469727,14.180000305175781,NO TRADE,7,waiting
2026-08-27 13:04:39,JBLU,4.941800117492676,29959110.716666665,4.769999980926514,5.300000190734863,DAILY MACD BULLISH RECOVERY,5.019999980926514,5.300000190734863,A+,9,waiting
2026-08-27 13:04:39,DNUT,3.444999933242798,2942581.7333333334,3.4000000953674316,3.4600000381469727,DAILY MACD BULLISH RECOVERY,3.1700000762939453,3.3499999046325684,NO TRADE,8,Target Reached
2026-08-27 13:04:39,SOFI,19.20680046081543,73025313.9,17.93000030517578,19.739999771118164,DAILY MACD BULLISH RECOVERY,18.079999923706055,18.43000030517578,NO TRADE,8,Target Reached
2026-08-27 13:04:39,PLUG,2.2660000324249268,56483956.483333334,2.119999885559082,2.3399999141693115,DAILY MACD BULLISH RECOVERY,2.200000047683716,2.2100000381469727,NO TRADE,5,Target Reached
2026-08-27 13:04:39,SIRI,28.4950008392334,4771760.45,28.31999969482422,28.770000457763672,DAILY MACD BULLISH RECOVERY,28.7450008392334,28.770000457763672,NO TRADE,7,waiting
2026-08-27 13:04:39,OPEN,3.4100000858306885,57832857.03333333,3.380000114440918,3.609999895095825,DAILY MACD BULLISH RECOVERY,3.6600000858306885,3.75,NO TRADE,6,"Triggered, Target Not Reached"
2026-08-27 13:04:39,LCID,5.295000076293945,17561972.483333334,4.929999828338623,5.53000020980835,DAILY MACD BULLISH RECOVERY,5.599999904632568,6.369999885559082,A,7,waiting
2026-08-27 13:04:39,NOK,10.625,93944663.88333334,9.829999923706055,10.6899995803833,DAILY MACD BULLISH RECOVERY,9.430000305175781,10.170000076293945,NO TRADE,8,Target Reached
2026-08-27 13:04:39,AMC,2.6700000762939453,41690963.55,2.319999933242798,2.9600000381469727,,,,NO TRADE,1,No Entry
2026-08-27 13:04:39,F,14.039999961853027,49792763.05,14.020000457763672,14.180000305175781,DAILY MACD BULLISH RECOVERY,14.100000381469727,14.180000305175781,NO TRADE,7,waiting
2026-08-27 13:16:09,JBLU,4.909999847412109,29967615.466666665,4.769999980926514,4.940000057220459,DAILY MACD BULLISH RECOVERY,5.019999980926514,5.300000190734863,A+,8,waiting
2026-08-27 13:16:09,DNUT,3.434999942779541,2942826.033333333,3.4000000953674316,3.4600000381469727,DAILY MACD BULLISH RECOVERY,3.1700000762939453,3.3499999046325684,NO TRADE,8,Target Reached
2026-08-27 13:16:09,SOFI,19.19499969482422,73034846.08333333,17.93000030517578,19.739999771118164,DAILY MACD BULLISH RECOVERY,18.079999923706055,18.43000030517578,NO TRADE,8,Target Reached
2026-08-27 13:16:09,PLUG,2.259999990463257,56495821.71666667,2.119999885559082,2.3399999141693115,DAILY MACD BULLISH RECOVERY,2.200000047683716,2.2100000381469727,NO TRADE,5,Target Reached
2026-08-27 13:16:09,SIRI,28.440000534057617,4772006.15,28.31999969482422,28.770000457763672,DAILY MACD BULLISH RECOVERY,28.7450008392334,28.770000457763672,NO TRADE,7,waiting
2026-08-27 13:16:09,OPEN,3.4100000858306885,57835807.68333333,3.380000114440918,3.609999895095825,DAILY MACD BULLISH RECOVERY,3.6600000858306885,3.75,NO TRADE,6,"Triggered, Target Not Reached"
2026-08-27 13:16:09,LCID,5.224999904632568,17573038.633333333,4.929999828338623,5.53000020980835,DAILY MACD BULLISH RECOVERY,5.599999904632568,6.369999885559082,A,7,waiting
2026-08-27 13:16:09,NOK,10.622699737548828,93978972.3,9.829999923706055,10.6899995803833,DAILY MACD BULLISH RECOVERY,9.430000305175781,10.170000076293945,NO TRADE,8,Target Reached
2026-08-27 13:16:09,AMC,2.6700000762939453,41693781.35,2.319999933242798,2.9600000381469727,,,,NO TRADE,1,No Entry
2026-08-27 13:16:09,F,14.015000343322754,49804524.96666667,13.850000381469727,14.180000305175781,DAILY MACD BULLISH RECOVERY,14.100000381469727,14.180000305175781,NO TRADE,7,waiting
2026-08-27 13:42:07,JBLU,4.920000076293945,29984557.366666667,4.769999980926514,4.940000057220459,DAILY MACD BULLISH RECOVERY,5.019999980926514,5.300000190734863,A+,8,waiting
2026-08-27 13:42:07,DNUT,3.434999942779541,2943827.466666667,3.4000000953674316,3.4600000381469727,DAILY MACD BULLISH RECOVERY,3.1700000762939453,3.3499999046325684,NO TRADE,8,Target Reached
2026-08-27 13:42:07,SOFI,19.170000076293945,73059753.66666667,17.93000030517578,19.190000534057617,DAILY MACD BULLISH RECOVERY,18.079999923706055,18.43000030517578,NO TRADE,8,Target Reached
2026-08-27 13:42:07,PLUG,2.255000114440918,56513537.983333334,2.119999885559082,2.3399999141693115,DAILY MACD BULLISH RECOVERY,2.200000047683716,2.2100000381469727,NO TRADE,5,Target Reached
2026-08-27 13:42:07,SIRI,28.545000076293945,4773889.466666667,28.31999969482422,28.770000457763672,DAILY MACD BULLISH RECOVERY,28.7450008392334,28.770000457763672,NO TRADE,7,waiting
2026-08-27 13:42:07,OPEN,3.4049999713897705,57846055.68333333,3.380000114440918,3.609999895095825,DAILY MACD BULLISH RECOVERY,3.6600000858306885,3.75,NO TRADE,6,"Triggered, Target Not Reached"
2026-08-27 13:42:07,LCID,5.164999961853027,17588204.55,4.929999828338623,5.53000020980835,DAILY MACD BULLISH RECOVERY,5.599999904632568,6.369999885559082,A,7,waiting
2026-08-27 13:42:07,NOK,10.654999732971191,94019829.21666667,9.829999923706055,10.6899995803833,DAILY MACD BULLISH RECOVERY,9.430000305175781,10.170000076293945,NO TRADE,8,Target Reached
2026-08-27 13:42:07,AMC,2.6649999618530273,41714356.05,2.319999933242798,2.6700000762939453,,,,NO TRADE,1,No Entry
2026-08-27 13:42:07,F,13.989999771118164,49822659.45,13.850000381469727,14.180000305175781,DAILY MACD BULLISH RECOVERY,14.100000381469727,14.180000305175781,NO TRADE,7,waiting
2026-08-27 14:05:06,JBLU,4.889999866485596,30006754.666666668,4.769999980926514,4.940000057220459,DAILY MACD BULLISH RECOVERY,5.019999980926514,5.300000190734863,A+,8,waiting
2026-08-27 14:05:06,DNUT,3.4200000762939453,2945229.45,3.4000000953674316,3.4600000381469727,DAILY MACD BULLISH RECOVERY,3.1700000762939453,3.3499999046325684,NO TRADE,8,Target Reached
2026-08-27 14:05:06,SOFI,19.094999313354492,73076953.28333333,17.93000030517578,19.170000076293945,DAILY MACD BULLISH RECOVERY,18.079999923706055,18.43000030517578,NO TRADE,8,Target Reached
2026-08-27 14:05:06,PLUG,2.244999885559082,56532781.733333334,2.119999885559082,2.3399999141693115,DAILY MACD BULLISH RECOVERY,2.200000047683716,2.2100000381469727,NO TRADE,5,Target Reached
2026-08-27 14:05:06,SIRI,28.565000534057617,4774744.366666666,28.31999969482422,28.770000457763672,DAILY MACD BULLISH RECOVERY,28.7450008392334,28.770000457763672,NO TRADE,7,waiting
2026-08-27 14:05:06,OPEN,3.4000000953674316,57864407.983333334,3.380000114440918,3.609999895095825,DAILY MACD BULLISH RECOVERY,3.6600000858306885,3.75,NO TRADE,6,"Triggered, Target Not Reached"
2026-08-27 14:05:06,LCID,5.170000076293945,17593981.7,4.929999828338623,5.53000020980835,DAILY MACD BULLISH RECOVERY,5.599999904632568,6.369999885559082,A,7,waiting
2026-08-27 14:05:06,NOK,10.5649995803833,94063161.96666667,9.829999923706055,10.6899995803833,DAILY MACD BULLISH RECOVERY,9.430000305175781,10.170000076293945,NO TRADE,8,Target Reached
2026-08-27 14:05:06,AMC,2.6600000858306885,41727737.833333336,2.319999933242798,2.6700000762939453,,,,NO TRADE,1,No Entry
2026-08-27 14:05:06,F,13.938199996948242,49846130.95,13.850000381469727,14.180000305175781,DAILY MACD BULLISH RECOVERY,14.5,14.550000190734863,NO TRADE,5,"Triggered, Target Not Reached"
2026-08-27 14:09:25,JBLU,4.885000228881836,30008229.366666667,4.769999980926514,4.940000057220459,DAILY MACD BULLISH RECOVERY,5.019999980926514,5.300000190734863,A+,8,waiting
2026-08-27 14:09:25,DNUT,3.424999952316284,2945468.3,3.4000000953674316,3.4600000381469727,DAILY MACD BULLISH RECOVERY,3.1700000762939453,3.3499999046325684,NO TRADE,8,Target Reached
2026-08-27 14:09:25,SOFI,19.104999542236328,73079592.06666666,17.93000030517578,19.170000076293945,DAILY MACD BULLISH RECOVERY,18.079999923706055,18.43000030517578,NO TRADE,8,Target Reached
2026-08-27 14:09:25,PLUG,2.2530999183654785,56543041.8,2.119999885559082,2.3399999141693115,DAILY MACD BULLISH RECOVERY,2.200000047683716,2.2100000381469727,NO TRADE,5,Target Reached
2026-08-27 14:09:25,SIRI,28.594999313354492,4775056.75,28.31999969482422,28.770000457763672,DAILY MACD BULLISH RECOVERY,28.7450008392334,28.770000457763672,NO TRADE,7,waiting
2026-08-27 14:09:25,OPEN,3.4000000953674316,57866320.7,3.380000114440918,3.609999895095825,DAILY MACD BULLISH RECOVERY,3.6600000858306885,3.75,NO TRADE,6,"Triggered, Target Not Reached"
2026-08-27 14:09:25,LCID,5.173399925231934,17595110.133333333,4.929999828338623,5.53000020980835,DAILY MACD BULLISH RECOVERY,5.599999904632568,6.369999885559082,A,7,waiting
2026-08-27 14:09:25,NOK,10.5600004196167,94069324.76666667,9.829999923706055,10.6899995803833,DAILY MACD BULLISH RECOVERY,9.430000305175781,10.170000076293945,NO TRADE,8,Target Reached
2026-08-27 14:09:25,AMC,2.6700000762939453,41730891.9,2.319999933242798,2.9600000381469727,,,,NO TRADE,1,No Entry
2026-08-27 14:09:25,F,13.9399995803833,49850226.56666667,13.850000381469727,14.180000305175781,DAILY MACD BULLISH RECOVERY,14.5,14.550000190734863,NO TRADE,5,"Triggered, Target Not Reached"
2026-08-27 14:13:17,JBLU,4.900000095367432,30011637.016666666,4.769999980926514,4.940000057220459,DAILY MACD BULLISH RECOVERY,5.019999980926514,5.300000190734863,A+,8,waiting
2026-08-27 14:13:17,DNUT,3.4149999618530273,2945701.1333333333,3.4000000953674316,3.4600000381469727,DAILY MACD BULLISH RECOVERY,3.1700000762939453,3.3499999046325684,NO TRADE,8,Target Reached
2026-08-27 14:13:17,SOFI,19.110000610351562,73082739.7,17.93000030517578,19.170000076293945,DAILY MACD BULLISH RECOVERY,18.079999923706055,18.43000030517578,NO TRADE,8,Target Reached
2026-08-27 14:13:17,PLUG,2.244999885559082,56552108.71666667,2.119999885559082,2.3399999141693115,DAILY MACD BULLISH RECOVERY,2.200000047683716,2.2100000381469727,NO TRADE,5,Target Reached
2026-08-27 14:13:17,SIRI,28.600000381469727,4775152.116666666,28.31999969482422,28.770000457763672,DAILY MACD BULLISH RECOVERY,28.7450008392334,28.770000457763672,NO TRADE,7,waiting
2026-08-27 14:13:17,OPEN,3.390000104904175,57872111.55,3.380000114440918,3.609999895095825,DAILY MACD BULLISH RECOVERY,3.6600000858306885,3.75,NO TRADE,6,"Triggered, Target Not Reached"
2026-08-27 14:13:17,LCID,5.16949987411499,17595827.716666665,4.929999828338623,5.53000020980835,DAILY MACD BULLISH RECOVERY,5.599999904632568,6.369999885559082,A,7,waiting
2026-08-27 14:13:17,NOK,10.559900283813477,94073527.88333334,9.829999923706055,10.5600004196167,DAILY MACD BULLISH RECOVERY,9.430000305175781,10.170000076293945,NO TRADE,8,Target Reached
2026-08-27 14:13:17,AMC,2.6600000858306885,41732520.916666664,2.319999933242798,2.6700000762939453,,,,NO TRADE,1,No Entry
2026-08-27 14:13:17,F,13.949999809265137,49854299.68333333,13.850000381469727,14.180000305175781,DAILY MACD BULLISH RECOVERY,14.5,14.550000190734863,NO TRADE,5,"Triggered, Target Not Reached"
2026-08-27 14:20:09,JBLU,4.889999866485596,30015891.483333334,4.769999980926514,4.940000057220459,DAILY MACD BULLISH RECOVERY,5.019999980926514,5.300000190734863,A+,8,waiting
2026-08-27 14:20:09,DNUT,3.434999942779541,2946197.933333333,3.4000000953674316,3.4600000381469727,DAILY MACD BULLISH RECOVERY,3.1700000762939453,3.3499999046325684,NO TRADE,8,Target Reached
2026-08-27 14:20:09,SOFI,19.100000381469727,73090720.1,17.93000030517578,19.170000076293945,DAILY MACD BULLISH RECOVERY,18.079999923706055,18.43000030517578,NO TRADE,8,Target Reached
2026-08-27 14:20:09,PLUG,2.259999990463257,56564634.8,2.119999885559082,2.3399999141693115,DAILY MACD BULLISH RECOVERY,2.200000047683716,2.2100000381469727,NO TRADE,5,Target Reached
2026-08-27 14:20:09,SIRI,28.565000534057617,4775398.85,28.31999969482422,28.770000457763672,DAILY MACD BULLISH RECOVERY,28.7450008392334,28.770000457763672,NO TRADE,7,waiting
2026-08-27 14:20:09,OPEN,3.384999990463257,57878244.233333334,3.380000114440918,3.609999895095825,DAILY MACD BULLISH RECOVERY,3.6600000858306885,3.75,NO TRADE,6,"Triggered, Target Not Reached"
2026-08-27 14:20:09,LCID,5.199999809265137,17598394.633333333,4.929999828338623,5.53000020980835,DAILY MACD BULLISH RECOVERY,5.599999904632568,6.369999885559082,A,7,waiting
2026-08-27 14:20:09,NOK,10.571999549865723,94080080.46666667,9.829999923706055,10.6899995803833,DAILY MACD BULLISH RECOVERY,9.430000305175781,10.170000076293945,NO TRADE,8,Target Reached
2026-08-27 14:20:09,AMC,2.6700000762939453,41735870.5,2.319999933242798,2.9600000381469727,,,,NO TRADE,1,No Entry
2026-08-27 14:20:09,F,14.015000343322754,49863899.68333333,13.850000381469727,14.180000305175781,DAILY MACD BULLISH RECOVERY,14.100000381469727,14.180000305175781,NO TRADE,7,waiting
2026-08-27 14:46:25,JBLU,4.864999771118164,30030737.133333333,4.769999980926514,4.940000057220459,DAILY MACD BULLISH RECOVERY,5.019999980926514,5.300000190734863,A+,8,waiting
2026-08-27 14:46:25,DNUT,3.444999933242798,2948397.1,3.4000000953674316,3.4600000381469727,DAILY MACD BULLISH RECOVERY,3.1700000762939453,3.3499999046325684,NO TRADE,8,Target Reached
2026-08-27 14:46:25,SOFI,19.078100204467773,73113724.7,17.93000030517578,19.170000076293945,DAILY MACD BULLISH RECOVERY,18.079999923706055,18.43000030517578,NO TRADE,8,Target Reached
2026-08-27 14:46:25,PLUG,2.2720000743865967,56639176.68333333,2.119999885559082,2.3399999141693115,DAILY MACD BULLISH RECOVERY,2.200000047683716,2.2100000381469727,NO TRADE,5,Target Reached
2026-08-27 14:46:25,SIRI,28.584999084472656,4776214.033333333,28.31999969482422,28.770000457763672,DAILY MACD BULLISH RECOVERY,28.7450008392334,28.770000457763672,NO TRADE,7,waiting
2026-08-27 14:46:25,OPEN,3.380000114440918,57898016.45,3.3499999046325684,3.609999895095825,DAILY MACD BULLISH RECOVERY,3.6600000858306885,3.75,NO TRADE,6,"Triggered, Target Not Reached"
2026-08-27 14:46:25,LCID,5.215000152587891,17606160.35,4.929999828338623,5.53000020980835,DAILY MACD BULLISH RECOVERY,5.599999904632568,6.369999885559082,A,7,waiting
2026-08-27 14:46:25,NOK,10.581999778747559,94114321.48333333,9.829999923706055,10.6899995803833,DAILY MACD BULLISH RECOVERY,9.430000305175781,10.170000076293945,NO TRADE,8,Target Reached
2026-08-27 14:46:25,AMC,2.674999952316284,41741755.05,2.319999933242798,2.9600000381469727,,,,NO TRADE,1,No Entry
2026-08-27 14:46:25,F,14.039999961853027,49887145.9,14.020000457763672,14.180000305175781,DAILY MACD BULLISH RECOVERY,14.100000381469727,14.180000305175781,NO TRADE,7,waiting
2026-08-27 15:01:04,JBLU,4.864999771118164,30039262.183333334,4.769999980926514,4.940000057220459,DAILY MACD BULLISH RECOVERY,5.019999980926514,5.300000190734863,A+,8,waiting
2026-08-27 15:01:04,DNUT,3.4600000381469727,2948908.716666667,3.4000000953674316,3.4800000190734863,DAILY MACD BULLISH RECOVERY,3.1700000762939453,3.3499999046325684,NO TRADE,8,Target Reached
2026-08-27 15:01:04,SOFI,19.139999389648438,73129589.6,17.93000030517578,19.170000076293945,DAILY MACD BULLISH RECOVERY,18.079999923706055,18.43000030517578,NO TRADE,8,Target Reached
2026-08-27 15:01:04,PLUG,2.255000114440918,56663944.21666667,2.119999885559082,2.3399999141693115,DAILY MACD BULLISH RECOVERY,2.200000047683716,2.2100000381469727,NO TRADE,5,Target Reached
2026-08-27 15:01:04,SIRI,28.594999313354492,4776577.966666667,28.31999969482422,28.770000457763672,DAILY MACD BULLISH RECOVERY,28.7450008392334,28.770000457763672,NO TRADE,7,waiting
2026-08-27 15:01:04,OPEN,3.390000104904175,57906785.38333333,3.380000114440918,3.609999895095825,DAILY MACD BULLISH RECOVERY,3.6600000858306885,3.75,NO TRADE,6,"Triggered, Target Not Reached"
2026-08-27 15:01:04,LCID,5.182300090789795,17616331.1,4.929999828338623,5.53000020980835,DAILY MACD BULLISH RECOVERY,5.599999904632568,6.369999885559082,A,7,waiting
2026-08-27 15:01:04,NOK,10.5649995803833,94134615.46666667,9.829999923706055,10.6899995803833,DAILY MACD BULLISH RECOVERY,9.430000305175781,10.170000076293945,NO TRADE,8,Target Reached
2026-08-27 15:01:04,AMC,2.6600000858306885,41749931.93333333,2.319999933242798,2.6700000762939453,,,,NO TRADE,1,No Entry
2026-08-27 15:01:04,F,14.024999618530273,49899679.516666666,14.020000457763672,14.180000305175781,DAILY MACD BULLISH RECOVERY,14.100000381469727,14.180000305175781,NO TRADE,7,waiting
2026-08-27 19:20:37,JBLU,4.889999866485596,30125336.183333334,4.769999980926514,4.940000057220459,DAILY MACD BULLISH RECOVERY,5.019999980926514,5.300000190734863,A+,8,waiting
2026-08-27 19:20:37,DNUT,3.4200000762939453,2956526.9166666665,3.4000000953674316,3.4600000381469727,DAILY MACD BULLISH RECOVERY,3.1700000762939453,3.3499999046325684,NO TRADE,8,Target Reached
2026-08-27 19:20:37,SOFI,19.18000030517578,73263984.7,17.93000030517578,19.190000534057617,DAILY MACD BULLISH RECOVERY,18.079999923706055,18.43000030517578,NO TRADE,8,Target Reached
2026-08-27 19:20:37,PLUG,2.2699999809265137,56836612.21666667,2.119999885559082,2.3399999141693115,DAILY MACD BULLISH RECOVERY,2.200000047683716,2.2100000381469727,NO TRADE,5,Target Reached
2026-08-27 19:20:37,SIRI,28.5,4792736.816666666,28.31999969482422,28.770000457763672,DAILY MACD BULLISH RECOVERY,28.7450008392334,28.770000457763672,NO TRADE,7,waiting
2026-08-27 19:20:37,OPEN,3.380000114440918,57979785.45,3.3499999046325684,3.609999895095825,DAILY MACD BULLISH RECOVERY,3.6600000858306885,3.75,NO TRADE,6,"Triggered, Target Not Reached"
2026-08-27 19:20:37,LCID,5.090000152587891,17697737.766666666,4.929999828338623,5.53000020980835,DAILY MACD BULLISH RECOVERY,5.599999904632568,6.369999885559082,A,7,waiting
2026-08-27 19:20:37,NOK,10.59000015258789,94309813.86666666,9.829999923706055,10.6899995803833,DAILY MACD BULLISH RECOVERY,9.430000305175781,10.170000076293945,NO TRADE,8,Target Reached
2026-08-27 19:20:37,AMC,2.700000047683716,41821948.45,2.319999933242798,2.9600000381469727,,,,NO TRADE,1,No Entry
2026-08-27 19:20:37,F,13.949999809265137,50087074.45,13.850000381469727,14.180000305175781,DAILY MACD BULLISH RECOVERY,14.5,14.550000190734863,NO TRADE,5,"Triggered, Target Not Reached"
2026-08-27 19:21:22,JBLU,4.889999866485596,30125336.183333334,4.769999980926514,4.940000057220459,DAILY MACD BULLISH RECOVERY,5.019999980926514,5.300000190734863,A+,8,waiting
2026-08-27 19:21:22,DNUT,3.4200000762939453,2956526.9166666665,3.4000000953674316,3.4600000381469727,DAILY MACD BULLISH RECOVERY,3.1700000762939453,3.3499999046325684,NO TRADE,8,Target Reached
2026-08-27 19:21:22,SOFI,19.18000030517578,73263984.7,17.93000030517578,19.190000534057617,DAILY MACD BULLISH RECOVERY,18.079999923706055,18.43000030517578,NO TRADE,8,Target Reached
2026-08-27 19:21:22,PLUG,2.2699999809265137,56836612.21666667,2.119999885559082,2.3399999141693115,DAILY MACD BULLISH RECOVERY,2.200000047683716,2.2100000381469727,NO TRADE,5,Target Reached
2026-08-27 19:21:22,SIRI,28.5,4792736.816666666,28.31999969482422,28.770000457763672,DAILY MACD BULLISH RECOVERY,28.7450008392334,28.770000457763672,NO TRADE,7,waiting
2026-08-27 19:21:22,OPEN,3.380000114440918,57979785.45,3.3499999046325684,3.609999895095825,DAILY MACD BULLISH RECOVERY,3.6600000858306885,3.75,NO TRADE,6,"Triggered, Target Not Reached"
2026-08-27 19:21:22,LCID,5.090000152587891,17697737.766666666,4.929999828338623,5.53000020980835,DAILY MACD BULLISH RECOVERY,5.599999904632568,6.369999885559082,A,7,waiting
2026-08-27 19:21:22,NOK,10.59000015258789,94309813.86666666,9.829999923706055,10.6899995803833,DAILY MACD BULLISH RECOVERY,9.430000305175781,10.170000076293945,NO TRADE,8,Target Reached
2026-08-27 19:21:22,AMC,2.700000047683716,41821948.45,2.319999933242798,2.9600000381469727,,,,NO TRADE,1,No Entry
2026-08-27 19:21:22,F,13.949999809265137,50087074.45,13.850000381469727,14.180000305175781,DAILY MACD BULLISH RECOVERY,14.5,14.550000190734863,NO TRADE,5,"Triggered, Target Not Reached"
2026-08-27 20:44:46,JBLU,4.889999866485596,30125336.183333334,4.769999980926514,4.940000057220459,DAILY MACD BULLISH RECOVERY,5.019999980926514,5.300000190734863,A+,8,waiting
2026-08-27 20:44:46,DNUT,3.4200000762939453,2956526.9166666665,3.4000000953674316,3.4600000381469727,DAILY MACD BULLISH RECOVERY,3.1700000762939453,3.3499999046325684,NO TRADE,8,Target Reached
2026-08-27 20:44:46,SOFI,19.18000030517578,73263984.7,17.93000030517578,19.190000534057617,DAILY MACD BULLISH RECOVERY,18.079999923706055,18.43000030517578,NO TRADE,8,Target Reached
2026-08-27 20:44:46,PLUG,2.2699999809265137,56836612.21666667,2.119999885559082,2.3399999141693115,DAILY MACD BULLISH RECOVERY,2.200000047683716,2.2100000381469727,NO TRADE,5,Target Reached
2026-08-27 20:44:46,SIRI,28.5,4792736.816666666,28.31999969482422,28.770000457763672,DAILY MACD BULLISH RECOVERY,28.7450008392334,28.770000457763672,NO TRADE,7,waiting
2026-08-27 20:44:46,OPEN,3.380000114440918,57979785.45,3.3499999046325684,3.609999895095825,DAILY MACD BULLISH RECOVERY,3.6600000858306885,3.75,NO TRADE,6,"Triggered, Target Not Reached"
2026-08-27 20:44:46,LCID,5.090000152587891,17697737.766666666,4.929999828338623,5.53000020980835,DAILY MACD BULLISH RECOVERY,5.599999904632568,6.369999885559082,A,7,waiting
2026-08-27 20:44:46,NOK,10.59000015258789,94309813.86666666,9.829999923706055,10.6899995803833,DAILY MACD BULLISH RECOVERY,9.430000305175781,10.170000076293945,NO TRADE,8,Target Reached
2026-08-27 20:44:46,AMC,2.700000047683716,41821948.45,2.319999933242798,2.9600000381469727,,,,NO TRADE,1,No Entry
2026-08-27 20:44:46,F,13.949999809265137,50087074.45,13.850000381469727,14.180000305175781,DAILY MACD BULLISH RECOVERY,14.5,14.550000190734863,NO TRADE,5,"Triggered, Target Not Reached"
2026-08-27 20:47:15,JBLU,4.889999866485596,30125336.183333334,4.769999980926514,4.940000057220459,DAILY MACD BULLISH RECOVERY,5.019999980926514,5.300000190734863,A+,8,waiting
2026-08-27 20:47:15,DNUT,3.4200000762939453,2956526.9166666665,3.4000000953674316,3.4600000381469727,DAILY MACD BULLISH RECOVERY,3.1700000762939453,3.3499999046325684,NO TRADE,8,Target Reached
2026-08-27 20:47:15,SOFI,19.18000030517578,73263984.7,17.93000030517578,19.190000534057617,DAILY MACD BULLISH RECOVERY,18.079999923706055,18.43000030517578,NO TRADE,8,Target Reached
2026-08-27 20:47:15,PLUG,2.2699999809265137,56836612.21666667,2.119999885559082,2.3399999141693115,DAILY MACD BULLISH RECOVERY,2.200000047683716,2.2100000381469727,NO TRADE,5,Target Reached
2026-08-27 20:47:15,SIRI,28.5,4792736.816666666,28.31999969482422,28.770000457763672,DAILY MACD BULLISH RECOVERY,28.7450008392334,28.770000457763672,NO TRADE,7,waiting
2026-08-27 20:47:15,OPEN,3.380000114440918,57979785.45,3.3499999046325684,3.609999895095825,DAILY MACD BULLISH RECOVERY,3.6600000858306885,3.75,NO TRADE,6,"Triggered, Target Not Reached"
2026-08-27 20:47:15,LCID,5.090000152587891,17697737.766666666,4.929999828338623,5.53000020980835,DAILY MACD BULLISH RECOVERY,5.599999904632568,6.369999885559082,A,7,waiting
2026-08-27 20:47:15,NOK,10.59000015258789,94309813.86666666,9.829999923706055,10.6899995803833,DAILY MACD BULLISH RECOVERY,9.430000305175781,10.170000076293945,NO TRADE,8,Target Reached
2026-08-27 20:47:15,AMC,2.700000047683716,41821948.45,2.319999933242798,2.9600000381469727,,,,NO TRADE,1,No Entry
2026-08-27 20:47:15,F,13.949999809265137,50087074.45,13.850000381469727,14.180000305175781,DAILY MACD BULLISH RECOVERY,14.5,14.550000190734863,NO TRADE,5,"Triggered, Target Not Reached"
2026-08-27 21:07:09,JBLU,4.889999866485596,30125336.183333334,4.769999980926514,4.940000057220459,DAILY MACD BULLISH RECOVERY,5.019999980926514,5.300000190734863,A+,8,waiting
2026-08-27 21:07:09,DNUT,3.4200000762939453,2956526.9166666665,3.4000000953674316,3.4600000381469727,DAILY MACD BULLISH RECOVERY,3.1700000762939453,3.3499999046325684,NO TRADE,8,Target Reached
2026-08-27 21:07:09,SOFI,19.18000030517578,73263984.7,17.93000030517578,19.190000534057617,DAILY MACD BULLISH RECOVERY,18.079999923706055,18.43000030517578,NO TRADE,8,Target Reached
2026-08-27 21:07:09,PLUG,2.2699999809265137,56836612.21666667,2.119999885559082,2.3399999141693115,DAILY MACD BULLISH RECOVERY,2.200000047683716,2.2100000381469727,NO TRADE,5,Target Reached
2026-08-27 21:07:09,SIRI,28.5,4792736.816666666,28.31999969482422,28.770000457763672,DAILY MACD BULLISH RECOVERY,28.7450008392334,28.770000457763672,NO TRADE,7,waiting
2026-08-27 21:07:09,OPEN,3.380000114440918,57979785.45,3.3499999046325684,3.609999895095825,DAILY MACD BULLISH RECOVERY,3.6600000858306885,3.75,NO TRADE,6,"Triggered, Target Not Reached"
2026-08-27 21:07:09,LCID,5.090000152587891,17697737.766666666,4.929999828338623,5.53000020980835,DAILY MACD BULLISH RECOVERY,5.599999904632568,6.369999885559082,A,7,waiting
2026-08-27 21:07:09,NOK,10.59000015258789,94309813.86666666,9.829999923706055,10.6899995803833,DAILY MACD BULLISH RECOVERY,9.430000305175781,10.170000076293945,NO TRADE,8,Target Reached
2026-08-27 21:07:09,AMC,2.700000047683716,41821948.45,2.319999933242798,2.9600000381469727,,,,NO TRADE,1,No Entry
2026-08-27 21:07:09,F,13.949999809265137,50087074.45,13.850000381469727,14.180000305175781,DAILY MACD BULLISH RECOVERY,14.5,14.550000190734863,NO TRADE,5,"Triggered, Target Not Reached"
2026-08-27 21:20:09,JBLU,4.889999866485596,30125336.183333334,4.769999980926514,4.940000057220459,DAILY MACD BULLISH RECOVERY,5.019999980926514,5.300000190734863,A+,8,waiting
2026-08-27 21:20:09,DNUT,3.4200000762939453,2956526.9166666665,3.4000000953674316,3.4600000381469727,DAILY MACD BULLISH RECOVERY,3.1700000762939453,3.3499999046325684,NO TRADE,8,Target Reached
2026-08-27 21:20:09,SOFI,19.18000030517578,73263984.7,17.93000030517578,19.190000534057617,DAILY MACD BULLISH RECOVERY,18.079999923706055,18.43000030517578,NO TRADE,8,Target Reached
2026-08-27 21:20:09,PLUG,2.2699999809265137,56836612.21666667,2.119999885559082,2.3399999141693115,DAILY MACD BULLISH RECOVERY,2.200000047683716,2.2100000381469727,NO TRADE,5,Target Reached
2026-08-27 21:20:09,SIRI,28.5,4792736.816666666,28.31999969482422,28.770000457763672,DAILY MACD BULLISH RECOVERY,28.7450008392334,28.770000457763672,NO TRADE,7,waiting
2026-08-27 21:20:09,OPEN,3.380000114440918,57979785.45,3.3499999046325684,3.609999895095825,DAILY MACD BULLISH RECOVERY,3.6600000858306885,3.75,NO TRADE,6,"Triggered, Target Not Reached"
2026-08-27 21:20:09,LCID,5.090000152587891,17697737.766666666,4.929999828338623,5.53000020980835,DAILY MACD BULLISH RECOVERY,5.599999904632568,6.369999885559082,A,7,waiting
2026-08-27 21:20:09,NOK,10.59000015258789,94309813.86666666,9.829999923706055,10.6899995803833,DAILY MACD BULLISH RECOVERY,9.430000305175781,10.170000076293945,NO TRADE,8,Target Reached
2026-08-27 21:20:09,AMC,2.700000047683716,41821948.45,2.319999933242798,2.9600000381469727,,,,NO TRADE,1,No Entry
2026-08-27 21:20:09,F,13.949999809265137,50087074.45,13.850000381469727,14.180000305175781,DAILY MACD BULLISH RECOVERY,14.5,14.550000190734863,NO TRADE,5,"Triggered, Target Not Reached"
2026-08-28 10:21:39,JBLU,4.892399787902832,29725737.366666667,4.769999980926514,4.940000057220459,DAILY MACD BULLISH RECOVERY,4.949999809265137,5.230000019073486,A+,8,waiting
2026-08-28 10:21:39,DNUT,3.4600000381469727,2925201.5166666666,3.4000000953674316,3.4800000190734863,DAILY MACD BULLISH RECOVERY,3.1700000762939453,3.3499999046325684,NO TRADE,8,Target Reached
2026-08-28 10:21:39,SOFI,18.905000686645508,72194688.7,17.93000030517578,18.959999084472656,DAILY MACD BULLISH RECOVERY,18.079999923706055,18.43000030517578,NO TRADE,8,Target Reached
2026-08-28 10:21:39,PLUG,2.2049999237060547,55761832.86666667,2.119999885559082,2.2100000381469727,DAILY MACD BULLISH RECOVERY,2.200000047683716,2.2100000381469727,NO TRADE,5,Target Reached
2026-08-28 10:21:39,SIRI,28.385000228881836,4734443.516666667,28.31999969482422,28.389999389648438,DAILY MACD BULLISH RECOVERY,28.645000457763672,28.770000457763672,NO TRADE,6,waiting
2026-08-28 10:21:39,OPEN,3.365000009536743,57319359.53333333,3.3499999046325684,3.609999895095825,DAILY MACD BULLISH RECOVERY,3.6600000858306885,3.75,NO TRADE,6,"Triggered, Target Not Reached"
2026-08-28 10:21:39,LCID,5.105000019073486,17464508.266666666,4.929999828338623,5.53000020980835,DAILY MACD BULLISH RECOVERY,5.135000228881836,5.53000020980835,A+,9,waiting
2026-08-28 10:21:39,NOK,10.470000267028809,92010526.6,9.829999923706055,10.5600004196167,DAILY MACD BULLISH RECOVERY,9.430000305175781,10.170000076293945,NO TRADE,8,Target Reached
2026-08-28 10:21:39,AMC,2.7149999141693115,41429732.7,2.319999933242798,2.9600000381469727,,,,NO TRADE,1,No Entry
2026-08-28 10:21:39,F,13.890000343322754,49242310.45,13.850000381469727,14.180000305175781,DAILY MACD BULLISH RECOVERY,14.5,14.550000190734863,NO TRADE,5,"Triggered, Target Not Reached"
2026-08-28 10:26:51,JBLU,4.869999885559082,29728226.766666666,4.769999980926514,4.940000057220459,DAILY MACD BULLISH RECOVERY,4.949999809265137,5.230000019073486,A+,8,waiting
2026-08-28 10:26:51,DNUT,3.453900098800659,2925398.5833333335,3.4000000953674316,3.4600000381469727,DAILY MACD BULLISH RECOVERY,3.1700000762939453,3.3499999046325684,NO TRADE,8,Target Reached
2026-08-28 10:26:51,SOFI,18.774999618530273,72205184.58333333,17.93000030517578,18.795000076293945,DAILY MACD BULLISH RECOVERY,18.079999923706055,18.43000030517578,NO TRADE,8,Target Reached
2026-08-28 10:26:51,PLUG,2.2049999237060547,55779882.1,2.119999885559082,2.2100000381469727,DAILY MACD BULLISH RECOVERY,2.200000047683716,2.2100000381469727,NO TRADE,5,Target Reached
2026-08-28 10:26:51,SIRI,28.344999313354492,4734955.5,28.31999969482422,28.389999389648438,DAILY MACD BULLISH RECOVERY,28.645000457763672,28.770000457763672,NO TRADE,6,waiting
2026-08-28 10:26:51,OPEN,3.3399999141693115,57328301.88333333,3.2100000381469727,3.609999895095825,DAILY MACD BULLISH RECOVERY,3.6600000858306885,3.75,NO TRADE,6,"Triggered, Target Not Reached"
2026-08-28 10:26:51,LCID,5.09060001373291,17466223.75,4.929999828338623,5.53000020980835,DAILY MACD BULLISH RECOVERY,5.135000228881836,5.53000020980835,A+,9,waiting
2026-08-28 10:26:51,NOK,10.449999809265137,92035509.66666667,9.829999923706055,10.5600004196167,DAILY MACD BULLISH RECOVERY,9.430000305175781,10.170000076293945,NO TRADE,8,Target Reached
2026-08-28 10:26:51,AMC,2.7298998832702637,41435222.516666666,2.319999933242798,2.9600000381469727,,,,NO TRADE,1,No Entry
2026-08-28 10:26:51,F,13.859999656677246,49251778.78333333,13.850000381469727,14.180000305175781,DAILY MACD BULLISH RECOVERY,14.5,14.550000190734863,NO TRADE,5,"Triggered, Target Not Reached"
2026-08-28 10:33:21,JBLU,4.864999771118164,29731721.833333332,4.769999980926514,4.940000057220459,DAILY MACD BULLISH RECOVERY,4.949999809265137,5.230000019073486,A+,8,waiting
2026-08-28 10:33:21,DNUT,3.4549999237060547,2925562.466666667,3.4000000953674316,3.4600000381469727,DAILY MACD BULLISH RECOVERY,3.1700000762939453,3.3499999046325684,NO TRADE,8,Target Reached
2026-08-28 10:33:21,SOFI,18.77829933166504,72216806.3,17.93000030517578,18.795000076293945,DAILY MACD BULLISH RECOVERY,18.079999923706055,18.43000030517578,NO TRADE,8,Target Reached
2026-08-28 10:33:21,PLUG,2.2100000381469727,55800727.6,2.119999885559082,2.3399999141693115,DAILY MACD BULLISH RECOVERY,2.200000047683716,2.2100000381469727,NO TRADE,5,Target Reached
2026-08-28 10:33:21,SIRI,28.415000915527344,4735182.05,28.31999969482422,28.770000457763672,DAILY MACD BULLISH RECOVERY,28.645000457763672,28.770000457763672,NO TRADE,7,waiting
2026-08-28 10:33:21,OPEN,3.3499999046325684,57340624.35,3.2100000381469727,3.609999895095825,DAILY MACD BULLISH RECOVERY,3.6600000858306885,3.75,NO TRADE,6,"Triggered, Target Not Reached"
2026-08-28 10:33:21,LCID,5.099999904632568,17467611.133333333,4.929999828338623,5.53000020980835,DAILY MACD BULLISH RECOVERY,5.135000228881836,5.53000020980835,A+,9,waiting
2026-08-28 10:33:21,NOK,10.444999694824219,92050479.55,9.829999923706055,10.5600004196167,DAILY MACD BULLISH RECOVERY,9.430000305175781,10.170000076293945,NO TRADE,8,Target Reached
2026-08-28 10:33:21,AMC,2.734999895095825,41449042.71666667,2.319999933242798,2.9600000381469727,,,,NO TRADE,1,No Entry
2026-08-28 10:33:21,F,13.86989974975586,49264071.35,13.850000381469727,14.180000305175781,DAILY MACD BULLISH RECOVERY,14.5,14.550000190734863,NO TRADE,5,"Triggered, Target Not Reached"
2026-08-28 10:35:18,JBLU,4.860000133514404,29732146.15,4.769999980926514,4.940000057220459,DAILY MACD BULLISH RECOVERY,4.949999809265137,5.230000019073486,A+,8,waiting
2026-08-28 10:35:18,DNUT,3.4549999237060547,2925601.3,3.4000000953674316,3.4600000381469727,DAILY MACD BULLISH RECOVERY,3.1700000762939453,3.3499999046325684,NO TRADE,8,Target Reached
2026-08-28 10:35:18,SOFI,18.78499984741211,72219981.85,17.93000030517578,18.795000076293945,DAILY MACD BULLISH RECOVERY,18.079999923706055,18.43000030517578,NO TRADE,8,Target Reached
2026-08-28 10:35:18,PLUG,2.2200000286102295,55806607.983333334,2.119999885559082,2.3399999141693115,DAILY MACD BULLISH RECOVERY,2.200000047683716,2.2100000381469727,NO TRADE,5,Target Reached
2026-08-28 10:35:18,SIRI,28.350000381469727,4735349.4,28.31999969482422,28.389999389648438,DAILY MACD BULLISH RECOVERY,28.645000457763672,28.770000457763672,NO TRADE,6,waiting
2026-08-28 10:35:18,OPEN,3.359999895095825,57345113.6,3.3499999046325684,3.609999895095825,DAILY MACD BULLISH RECOVERY,3.6600000858306885,3.75,NO TRADE,6,"Triggered, Target Not Reached"
2026-08-28 10:35:18,LCID,5.082300186157227,17468180.85,4.929999828338623,5.53000020980835,DAILY MACD BULLISH RECOVERY,5.135000228881836,5.53000020980835,A+,9,waiting
2026-08-28 10:35:18,NOK,10.460100173950195,92053923.75,9.829999923706055,10.5600004196167,DAILY MACD BULLISH RECOVERY,9.430000305175781,10.170000076293945,NO TRADE,8,Target Reached
2026-08-28 10:35:18,AMC,2.7476999759674072,41449936.233333334,2.319999933242798,2.9600000381469727,,,,NO TRADE,1,No Entry
2026-08-28 10:35:18,F,13.899999618530273,49271530.15,13.850000381469727,14.180000305175781,DAILY MACD BULLISH RECOVERY,14.5,14.550000190734863,NO TRADE,5,"Triggered, Target Not Reached"
2026-08-28 11:23:20,JBLU,4.850100040435791,29758958.833333332,4.769999980926514,4.940000057220459,DAILY MACD BULLISH RECOVERY,4.949999809265137,5.230000019073486,A+,8,waiting
2026-08-28 11:23:20,DNUT,3.469099998474121,2928315.1166666667,3.4000000953674316,3.4800000190734863,DAILY MACD BULLISH RECOVERY,3.1700000762939453,3.3499999046325684,NO TRADE,8,Target Reached
2026-08-28 11:23:20,SOFI,18.844999313354492,72288859.05,17.93000030517578,18.860000610351562,DAILY MACD BULLISH RECOVERY,18.079999923706055,18.43000030517578,NO TRADE,8,Target Reached
2026-08-28 11:23:20,PLUG,2.210099935531616,55909624.53333333,2.119999885559082,2.3399999141693115,DAILY MACD BULLISH RECOVERY,2.200000047683716,2.2100000381469727,NO TRADE,5,Target Reached
2026-08-28 11:23:20,SIRI,28.34000015258789,4738625.6,28.31999969482422,28.389999389648438,DAILY MACD BULLISH RECOVERY,28.645000457763672,28.770000457763672,NO TRADE,6,waiting
2026-08-28 11:23:20,OPEN,3.3966000080108643,57389986.86666667,3.380000114440918,3.609999895095825,DAILY MACD BULLISH RECOVERY,3.6600000858306885,3.75,NO TRADE,6,"Triggered, Target Not Reached"
2026-08-28 11:23:20,LCID,5.0055999755859375,17487288.3,4.929999828338623,5.53000020980835,DAILY MACD BULLISH RECOVERY,5.164999961853027,5.53000020980835,A+,9,waiting
2026-08-28 11:23:20,NOK,10.425000190734863,92168945.33333333,9.829999923706055,10.5600004196167,DAILY MACD BULLISH RECOVERY,9.430000305175781,10.170000076293945,NO TRADE,8,Target Reached
2026-08-28 11:23:20,AMC,2.740000009536743,41488430.63333333,2.319999933242798,2.9600000381469727,,,,NO TRADE,1,No Entry
2026-08-28 11:23:20,F,13.930000305175781,49336509.45,13.850000381469727,14.180000305175781,DAILY MACD BULLISH RECOVERY,14.260000228881836,14.4399995803833,A+,8,waiting
2026-08-28 11:26:10,JBLU,4.864999771118164,29759927.783333335,4.769999980926514,4.940000057220459,DAILY MACD BULLISH RECOVERY,4.949999809265137,5.230000019073486,A+,8,waiting
2026-08-28 11:26:10,DNUT,3.469899892807007,2928436.1666666665,3.4000000953674316,3.4800000190734863,DAILY MACD BULLISH RECOVERY,3.1700000762939453,3.3499999046325684,NO TRADE,8,Target Reached
2026-08-28 11:26:10,SOFI,18.899999618530273,72291205.31666666,17.93000030517578,18.959999084472656,DAILY MACD BULLISH RECOVERY,18.079999923706055,18.43000030517578,NO TRADE,8,Target Reached
2026-08-28 11:26:10,PLUG,2.2100000381469727,55911249.86666667,2.119999885559082,2.3399999141693115,DAILY MACD BULLISH RECOVERY,2.200000047683716,2.2100000381469727,NO TRADE,5,Target Reached
2026-08-28 11:26:10,SIRI,28.329999923706055,4739201.85,28.31999969482422,28.389999389648438,DAILY MACD BULLISH RECOVERY,28.645000457763672,28.770000457763672,NO TRADE,6,waiting
2026-08-28 11:26:10,OPEN,3.4000000953674316,57393247.416666664,3.380000114440918,3.609999895095825,DAILY MACD BULLISH RECOVERY,3.6600000858306885,3.75,NO TRADE,6,"Triggered, Target Not Reached"
2026-08-28 11:26:10,LCID,4.994999885559082,17490008.966666665,4.929999828338623,5.53000020980835,DAILY MACD BULLISH RECOVERY,5.164999961853027,5.53000020980835,A+,9,waiting
2026-08-28 11:26:10,NOK,10.444999694824219,92173909.65,9.829999923706055,10.5600004196167,DAILY MACD BULLISH RECOVERY,9.430000305175781,10.170000076293945,NO TRADE,8,Target Reached
2026-08-28 11:26:10,AMC,2.740000009536743,41489323.05,2.319999933242798,2.9600000381469727,,,,NO TRADE,1,No Entry
2026-08-28 11:26:10,F,13.9399995803833,49337996.53333333,13.850000381469727,14.180000305175781,DAILY MACD BULLISH RECOVERY,14.260000228881836,14.4399995803833,A+,8,waiting
2026-08-28 11:30:59,JBLU,4.860099792480469,29762170.9,4.769999980926514,4.940000057220459,DAILY MACD BULLISH RECOVERY,4.949999809265137,5.230000019073486,A+,8,waiting
2026-08-28 11:30:59,DNUT,3.4700000286102295,2928567.816666667,3.4000000953674316,3.4800000190734863,DAILY MACD BULLISH RECOVERY,3.1700000762939453,3.3499999046325684,NO TRADE,8,Target Reached
2026-08-28 11:30:59,SOFI,18.850000381469727,72295964.11666666,17.93000030517578,18.860000610351562,DAILY MACD BULLISH RECOVERY,18.079999923706055,18.43000030517578,NO TRADE,8,Target Reached
2026-08-28 11:30:59,PLUG,2.2200000286102295,55915146.3,2.119999885559082,2.3399999141693115,DAILY MACD BULLISH RECOVERY,2.200000047683716,2.2100000381469727,NO TRADE,5,Target Reached
2026-08-28 11:30:59,SIRI,28.44499969482422,4749086.0,28.31999969482422,28.770000457763672,DAILY MACD BULLISH RECOVERY,28.645000457763672,28.770000457763672,NO TRADE,7,waiting
2026-08-28 11:30:59,OPEN,3.384999990463257,57395521.53333333,3.380000114440918,3.609999895095825,DAILY MACD BULLISH RECOVERY,3.6600000858306885,3.75,NO TRADE,6,"Triggered, Target Not Reached"
2026-08-28 11:30:59,LCID,4.980000019073486,17491984.166666668,4.929999828338623,5.53000020980835,DAILY MACD BULLISH RECOVERY,5.164999961853027,5.53000020980835,A+,9,waiting
2026-08-28 11:30:59,NOK,10.4399995803833,92188120.0,9.829999923706055,10.5600004196167,DAILY MACD BULLISH RECOVERY,9.430000305175781,10.170000076293945,NO TRADE,8,Target Reached
2026-08-28 11:30:59,AMC,2.737299919128418,41492058.45,2.319999933242798,2.9600000381469727,,,,NO TRADE,1,No Entry
2026-08-28 11:30:59,F,13.920000076293945,49345129.13333333,13.850000381469727,14.180000305175781,DAILY MACD BULLISH RECOVERY,14.5,14.550000190734863,NO TRADE,5,"Triggered, Target Not Reached"
2026-08-28 12:46:23,JBLU,4.829999923706055,29802629.216666665,4.769999980926514,4.940000057220459,DAILY MACD BULLISH RECOVERY,4.949999809265137,5.230000019073486,A+,8,waiting
2026-08-28 12:46:23,DNUT,3.4700000286102295,2932356.55,3.4000000953674316,3.4800000190734863,DAILY MACD BULLISH RECOVERY,3.1700000762939453,3.3499999046325684,NO TRADE,8,Target Reached
2026-08-28 12:46:23,SOFI,18.385000228881836,72431732.93333334,17.93000030517578,18.43000030517578,DAILY MACD BULLISH RECOVERY,18.079999923706055,18.43000030517578,NO TRADE,8,Target Reached
2026-08-28 12:46:23,PLUG,2.190000057220459,56049992.016666666,2.119999885559082,2.2100000381469727,DAILY MACD BULLISH RECOVERY,2.200000047683716,2.2100000381469727,NO TRADE,5,Target Reached
2026-08-28 12:46:23,SIRI,28.450000762939453,4754191.933333334,28.31999969482422,28.770000457763672,DAILY MACD BULLISH RECOVERY,28.645000457763672,28.770000457763672,NO TRADE,7,waiting
2026-08-28 12:46:23,OPEN,3.3299999237060547,57473575.96666667,3.2100000381469727,3.609999895095825,DAILY MACD BULLISH RECOVERY,3.6600000858306885,3.75,NO TRADE,6,"Triggered, Target Not Reached"
2026-08-28 12:46:23,LCID,4.988999843597412,17511695.116666667,4.929999828338623,5.53000020980835,DAILY MACD BULLISH RECOVERY,5.164999961853027,5.53000020980835,A+,9,waiting
2026-08-28 12:46:23,NOK,10.274999618530273,92349635.11666666,9.829999923706055,10.5600004196167,DAILY MACD BULLISH RECOVERY,9.430000305175781,10.170000076293945,NO TRADE,8,Target Reached
2026-08-28 12:46:23,AMC,2.690000057220459,41539300.95,2.319999933242798,2.9600000381469727,,,,NO TRADE,1,No Entry
2026-08-28 12:46:23,F,13.859999656677246,49456024.93333333,13.850000381469727,14.180000305175781,DAILY MACD BULLISH RECOVERY,14.5,14.550000190734863,NO TRADE,5,"Triggered, Target Not Reached"
2026-09-01 21:12:03,JBLU,4.46999979019165,30066324.85,4.349999904632568,4.940000057220459,DAILY MACD BULLISH RECOVERY,4.949999809265137,5.230000019073486,A,7,waiting
2026-09-01 21:12:03,DNUT,3.359999895095825,3003021.816666667,3.2799999713897705,3.4600000381469727,DAILY MACD BULLISH RECOVERY,3.1700000762939453,3.3499999046325684,NO TRADE,8,Target Reached
2026-09-01 21:12:03,SOFI,17.049999237060547,71711674.96666667,16.719999313354492,17.100000381469727,DAILY MACD BULLISH RECOVERY,18.079999923706055,18.43000030517578,NO TRADE,6,Target Reached
2026-09-01 21:12:03,PLUG,2.0899999141693115,55534285.166666664,2.0199999809265137,2.2100000381469727,DAILY MACD BULLISH RECOVERY,2.200000047683716,2.2100000381469727,NO TRADE,4,Target Reached
2026-09-01 21:12:03,SIRI,27.6200008392334,4768368.416666667,27.389999389648438,28.389999389648438,DAILY MACD BULLISH RECOVERY,28.75,28.770000457763672,NO TRADE,6,waiting
2026-09-01 21:12:03,OPEN,3.0399999618530273,57609075.21666667,,3.609999895095825,DAILY MACD BULLISH RECOVERY,3.6600000858306885,3.75,NO TRADE,6,"Triggered, Target Not Reached"
2026-09-01 21:12:03,LCID,4.550000190734863,17353720.8,4.46999979019165,5.53000020980835,DAILY MACD BULLISH RECOVERY,5.025000095367432,5.53000020980835,A+,8,waiting
2026-09-01 21:12:03,NOK,9.930000305175781,89403740.45,9.829999923706055,10.170000076293945,DAILY MACD BULLISH RECOVERY,9.430000305175781,10.170000076293945,NO TRADE,8,Target Reached
2026-09-01 21:12:03,AMC,2.5799999237060547,41189301.53333333,2.319999933242798,2.5999999046325684,,,,NO TRADE,1,No Entry
2026-09-01 21:12:03,F,13.84000015258789,49334865.03333333,13.760000228881836,14.180000305175781,DAILY MACD BULLISH RECOVERY,14.050000190734863,14.180000305175781,NO TRADE,7,waiting
2026-09-01 22:16:32,JBLU,4.46999979019165,30066324.85,4.349999904632568,4.940000057220459,DAILY MACD BULLISH RECOVERY,4.949999809265137,5.230000019073486,A,7,waiting
2026-09-01 22:16:32,DNUT,3.359999895095825,3003021.816666667,3.2799999713897705,3.4600000381469727,DAILY MACD BULLISH RECOVERY,3.1700000762939453,3.3499999046325684,NO TRADE,8,Target Reached
2026-09-01 22:16:32,SOFI,17.049999237060547,71711674.96666667,16.719999313354492,17.100000381469727,DAILY MACD BULLISH RECOVERY,18.079999923706055,18.43000030517578,NO TRADE,6,Target Reached
2026-09-01 22:16:32,PLUG,2.0899999141693115,55534285.166666664,2.0199999809265137,2.2100000381469727,DAILY MACD BULLISH RECOVERY,2.200000047683716,2.2100000381469727,NO TRADE,4,Target Reached
2026-09-01 22:16:32,SIRI,27.6200008392334,4768368.416666667,27.389999389648438,28.389999389648438,DAILY MACD BULLISH RECOVERY,28.75,28.770000457763672,NO TRADE,6,waiting
2026-09-01 22:16:32,OPEN,3.0399999618530273,57609075.21666667,,3.609999895095825,DAILY MACD BULLISH RECOVERY,3.6600000858306885,3.75,NO TRADE,6,"Triggered, Target Not Reached"
2026-09-01 22:16:32,LCID,4.550000190734863,17353720.8,4.46999979019165,5.53000020980835,DAILY MACD BULLISH RECOVERY,5.025000095367432,5.53000020980835,A+,8,waiting
2026-09-01 22:16:32,NOK,9.930000305175781,89403740.45,9.829999923706055,10.170000076293945,DAILY MACD BULLISH RECOVERY,9.430000305175781,10.170000076293945,NO TRADE,8,Target Reached
2026-09-01 22:16:32,AMC,2.5799999237060547,41189301.53333333,2.319999933242798,2.5999999046325684,,,,NO TRADE,1,No Entry
2026-09-01 22:16:32,F,13.84000015258789,49334865.03333333,13.760000228881836,14.180000305175781,DAILY MACD BULLISH RECOVERY,14.050000190734863,14.180000305175781,NO TRADE,7,waiting
2026-09-02 09:09:59,JBLU,4.46999979019165,30069191.666666668,4.349999904632568,4.940000057220459,DAILY MACD BULLISH RECOVERY,4.949999809265137,5.230000019073486,A,7,waiting
2026-09-02 09:09:59,DNUT,3.359999895095825,3003023.3333333335,3.2799999713897705,3.4600000381469727,DAILY MACD BULLISH RECOVERY,3.1700000762939453,3.3499999046325684,NO TRADE,8,Target Reached
2026-09-02 09:09:59,SOFI,17.049999237060547,71714223.33333333,16.719999313354492,17.100000381469727,DAILY MACD BULLISH RECOVERY,18.079999923706055,18.43000030517578,NO TRADE,6,Target Reached
2026-09-02 09:09:59,PLUG,2.0899999141693115,55536396.666666664,2.0199999809265137,2.2100000381469727,DAILY MACD BULLISH RECOVERY,2.200000047683716,2.2100000381469727,NO TRADE,4,Target Reached
2026-09-02 09:09:59,SIRI,27.6200008392334,4768388.333333333,27.389999389648438,28.389999389648438,DAILY MACD BULLISH RECOVERY,28.75,28.770000457763672,NO TRADE,6,waiting
2026-09-02 09:09:59,OPEN,3.0399999618530273,57610515.0,,3.609999895095825,DAILY MACD BULLISH RECOVERY,3.6600000858306885,3.75,NO TRADE,6,"Triggered, Target Not Reached"
2026-09-02 09:09:59,LCID,4.550000190734863,17354178.333333332,4.46999979019165,5.53000020980835,DAILY MACD BULLISH RECOVERY,5.025000095367432,5.53000020980835,A+,8,waiting
2026-09-02 09:09:59,NOK,9.930000305175781,89406023.33333333,9.829999923706055,10.170000076293945,DAILY MACD BULLISH RECOVERY,9.430000305175781,10.170000076293945,NO TRADE,8,Target Reached
2026-09-02 09:09:59,AMC,2.5799999237060547,41189625.0,2.319999933242798,2.5999999046325684,,,,NO TRADE,1,No Entry
2026-09-02 09:09:59,F,13.84000015258789,49364943.333333336,13.760000228881836,14.180000305175781,DAILY MACD BULLISH RECOVERY,14.050000190734863,14.180000305175781,NO TRADE,7,waiting
2026-09-02 10:07:51,JBLU,4.625,29875384.8,4.610000133514404,4.940000057220459,DAILY MACD BULLISH RECOVERY,4.639999866485596,4.940000057220459,A+,9,waiting
2026-09-02 10:07:51,DNUT,3.4200000762939453,2939906.0,3.4000000953674316,3.4600000381469727,DAILY MACD BULLISH RECOVERY,3.1700000762939453,3.3499999046325684,NO TRADE,8,Target Reached
2026-09-02 10:07:51,SOFI,17.559999465942383,70540620.46666667,17.079999923706055,17.665000915527344,DAILY MACD BULLISH RECOVERY,18.079999923706055,18.43000030517578,NO TRADE,6,Target Reached
2026-09-02 10:07:51,PLUG,2.0950000286102295,54892338.56666667,2.0199999809265137,2.2100000381469727,DAILY MACD BULLISH RECOVERY,2.200000047683716,2.2100000381469727,NO TRADE,4,Target Reached
2026-09-02 10:07:51,SIRI,29.34000015258789,4685723.6,29.18000030517578,29.40999984741211,DAILY MACD BULLISH RECOVERY,28.75,28.770000457763672,NO TRADE,7,"Triggered, Target Not Reached"
2026-09-02 10:07:51,OPEN,3.0950000286102295,57321124.766666666,,3.609999895095825,DAILY MACD BULLISH RECOVERY,3.6600000858306885,3.75,NO TRADE,6,"Triggered, Target Not Reached"
2026-09-02 10:07:51,LCID,4.618000030517578,17103009.7,4.46999979019165,5.53000020980835,DAILY MACD BULLISH RECOVERY,4.679999828338623,5.53000020980835,A+,9,waiting
2026-09-02 10:07:51,NOK,9.8149995803833,87851696.35,9.789999961853027,10.170000076293945,DAILY MACD BULLISH RECOVERY,9.430000305175781,10.170000076293945,NO TRADE,8,Target Reached
2026-09-02 10:07:51,AMC,2.7049999237060547,40988594.516666666,2.319999933242798,2.7799999713897705,,,,NO TRADE,1,No Entry
2026-09-02 10:07:51,F,14.020000457763672,48986345.666666664,13.850000381469727,14.180000305175781,DAILY MACD BULLISH RECOVERY,14.199999809265137,14.260000228881836,NO TRADE,6,waiting
2026-09-02 10:17:30,JBLU,4.65500020980835,29889896.866666667,4.610000133514404,4.940000057220459,DAILY MACD BULLISH RECOVERY,4.664999961853027,4.940000057220459,A+,9,waiting
2026-09-02 10:17:30,DNUT,3.4049999713897705,2940488.433333333,3.4000000953674316,3.4600000381469727,DAILY MACD BULLISH RECOVERY,3.1700000762939453,3.3499999046325684,NO TRADE,8,Target Reached
2026-09-02 10:17:30,SOFI,17.79129981994629,70578460.03333333,17.649999618530273,18.43000030517578,DAILY MACD BULLISH RECOVERY,18.079999923706055,18.43000030517578,NO TRADE,8,Target Reached
2026-09-02 10:17:30,PLUG,2.0950000286102295,54903610.11666667,2.0199999809265137,2.2100000381469727,DAILY MACD BULLISH RECOVERY,2.200000047683716,2.2100000381469727,NO TRADE,4,Target Reached
2026-09-02 10:17:30,SIRI,29.3799991607666,4688470.733333333,29.18000030517578,29.40999984741211,DAILY MACD BULLISH RECOVERY,28.75,28.770000457763672,NO TRADE,7,"Triggered, Target Not Reached"
2026-09-02 10:17:30,OPEN,3.075000047683716,57332205.916666664,,3.609999895095825,DAILY MACD BULLISH RECOVERY,3.6600000858306885,3.75,NO TRADE,6,"Triggered, Target Not Reached"
2026-09-02 10:17:30,LCID,4.664999961853027,17108358.65,4.46999979019165,5.53000020980835,DAILY MACD BULLISH RECOVERY,4.690000057220459,5.53000020980835,A+,9,waiting
2026-09-02 10:17:30,NOK,9.795000076293945,87879755.73333333,9.789999961853027,10.170000076293945,DAILY MACD BULLISH RECOVERY,9.430000305175781,10.170000076293945,NO TRADE,8,Target Reached
2026-09-02 10:17:30,AMC,2.682499885559082,40998010.5,2.319999933242798,2.7799999713897705,,,,NO TRADE,1,No Entry
2026-09-02 10:17:30,F,14.0,49004132.916666664,13.850000381469727,14.180000305175781,DAILY MACD BULLISH RECOVERY,14.199999809265137,14.260000228881836,NO TRADE,6,waiting
2026-09-02 10:24:07,JBLU,4.660099983215332,29896482.216666665,4.659999847412109,4.940000057220459,DAILY MACD BULLISH RECOVERY,4.670000076293945,4.940000057220459,A+,9,waiting
2026-09-02 10:24:07,DNUT,3.4200000762939453,2941295.2333333334,3.4000000953674316,3.4600000381469727,DAILY MACD BULLISH RECOVERY,3.1700000762939453,3.3499999046325684,NO TRADE,8,Target Reached
2026-09-02 10:24:07,SOFI,17.834999084472656,70594553.41666667,17.649999618530273,18.43000030517578,DAILY MACD BULLISH RECOVERY,18.079999923706055,18.43000030517578,NO TRADE,8,Target Reached
2026-09-02 10:24:07,PLUG,2.101799964904785,54918754.56666667,2.0199999809265137,2.2100000381469727,DAILY MACD BULLISH RECOVERY,2.200000047683716,2.2100000381469727,NO TRADE,4,Target Reached
2026-09-02 10:24:07,SIRI,29.329999923706055,4689356.916666667,29.18000030517578,29.40999984741211,DAILY MACD BULLISH RECOVERY,28.75,28.770000457763672,NO TRADE,7,"Triggered, Target Not Reached"
2026-09-02 10:24:07,OPEN,3.0999999046325684,57336621.1,,3.609999895095825,DAILY MACD BULLISH RECOVERY,3.6600000858306885,3.75,NO TRADE,6,"Triggered, Target Not Reached"
2026-09-02 10:24:07,LCID,4.659999847412109,17111714.366666667,4.46999979019165,5.53000020980835,DAILY MACD BULLISH RECOVERY,4.690000057220459,5.53000020980835,A+,9,waiting
2026-09-02 10:24:07,NOK,9.854999542236328,87903264.43333334,9.829999923706055,10.170000076293945,DAILY MACD BULLISH RECOVERY,9.430000305175781,10.170000076293945,NO TRADE,8,Target Reached
2026-09-02 10:24:07,AMC,2.6649999618530273,41005763.13333333,2.319999933242798,2.6700000762939453,,,,NO TRADE,1,No Entry
2026-09-02 10:24:07,F,13.969900131225586,49015777.483333334,13.850000381469727,14.180000305175781,DAILY MACD BULLISH RECOVERY,14.199999809265137,14.260000228881836,NO TRADE,6,waiting
2026-09-02 10:45:46,JBLU,4.679999828338623,29921349.4,4.659999847412109,4.940000057220459,DAILY MACD BULLISH RECOVERY,4.684999942779541,4.940000057220459,A+,9,waiting
2026-09-02 10:45:46,DNUT,3.4549999237060547,2942729.716666667,3.4000000953674316,3.4600000381469727,DAILY MACD BULLISH RECOVERY,3.1700000762939453,3.3499999046325684,NO TRADE,8,Target Reached
2026-09-02 10:45:46,SOFI,17.799999237060547,70642677.0,17.649999618530273,18.43000030517578,DAILY MACD BULLISH RECOVERY,18.079999923706055,18.43000030517578,NO TRADE,8,Target Reached
2026-09-02 10:45:46,PLUG,2.1085000038146973,54993560.9,2.0199999809265137,2.2100000381469727,DAILY MACD BULLISH RECOVERY,2.200000047683716,2.2100000381469727,NO TRADE,4,Target Reached
2026-09-02 10:45:46,SIRI,29.434999465942383,4693539.216666667,29.18000030517578,30.110000610351562,DAILY MACD BULLISH RECOVERY,28.75,28.770000457763672,NO TRADE,7,"Triggered, Target Not Reached"
2026-09-02 10:45:46,OPEN,3.0999999046325684,57366064.166666664,,3.609999895095825,DAILY MACD BULLISH RECOVERY,3.6600000858306885,3.75,NO TRADE,6,"Triggered, Target Not Reached"
2026-09-02 10:45:46,LCID,4.639999866485596,17119428.116666667,4.46999979019165,5.53000020980835,DAILY MACD BULLISH RECOVERY,4.690000057220459,5.53000020980835,A+,9,waiting
2026-09-02 10:45:46,NOK,9.845000267028809,87956078.75,9.829999923706055,10.170000076293945,DAILY MACD BULLISH RECOVERY,9.430000305175781,10.170000076293945,NO TRADE,8,Target Reached
2026-09-02 10:45:46,AMC,2.6624999046325684,41019085.43333333,2.319999933242798,2.6700000762939453,,,,NO TRADE,1,No Entry
2026-09-02 10:45:46,F,14.055000305175781,49050799.46666667,14.020000457763672,14.180000305175781,DAILY MACD BULLISH RECOVERY,14.199999809265137,14.260000228881836,NO TRADE,6,waiting
